RegionID,SizeRank,RegionName,RegionType,StateName,InterestAverage_2005,InterestAverage_2010,InterestAverage_2015,InterestAverage_2020,Average_2005,Average_2010,Average_2015,Average_2020
102001,0,UnitedStates,Country,,5.866730769,4.689807692,3.850576923,3.432857143,195475,174184,194076,248850
394913,1,NewYorkCity,Msa,NY,5.866730769,4.689807692,3.850576923,3.432857143,444629,403317,414806,486502
753899,2,LosAngeles,Msa,CA,5.866730769,4.689807692,3.850576923,3.432857143,560105,432976,547017,694156
394463,3,"Chicago,IL",Msa,IL,5.866730769,4.689807692,3.850576923,3.432857143,256753,210135,206541,243143
394514,4,"Dallas-FortWorth,TX",Msa,TX,5.866730769,4.689807692,3.850576923,3.432857143,152478,150397,183593,256061
394974,5,"Philadelphia,PA",Msa,PA,5.866730769,4.689807692,3.850576923,3.432857143,225885,228449,215698,253124
394692,6,Houston,Msa,TX,5.866730769,4.689807692,3.850576923,3.432857143,147495,150038,184595,219155
395209,7,DistrictColumbia,Msa,DC,5.866730769,4.689807692,3.850576923,3.432857143,417251,339866,382710,440254
394856,8,Miami,Msa,FL,5.866730769,4.689807692,3.850576923,3.432857143,271555,175380,233273,303358
394347,9,Atlanta,Msa,GA,5.866730769,4.689807692,3.850576923,3.432857143,190269,153151,176662,244187
394404,10,Boston,Msa,MA,5.866730769,4.689807692,3.850576923,3.432857143,421798,353494,403573,498790
395057,11,SanFrancisco,Msa,CA,5.866730769,4.689807692,3.850576923,3.432857143,744622,586515,858636,1134237
394532,12,"Detroit,MI",Msa,MI,5.866730769,4.689807692,3.850576923,3.432857143,177825,99193,133108,183620
395025,13,"Riverside,CA",Msa,CA,5.866730769,4.689807692,3.850576923,3.432857143,349992,207285,300213,388597
394976,14,"Phoenix,AZ",Msa,AZ,5.866730769,4.689807692,3.850576923,3.432857143,249010,155303,214009,294083
395078,15,"Seattle,WA",Msa,WA,5.866730769,4.689807692,3.850576923,3.432857143,325431,312325,363366,540044
394865,16,"Minneapolis-StPaul,MN",Msa,MN,5.866730769,4.689807692,3.850576923,3.432857143,258313,209208,230821,297866
395056,17,"SanDiego,CA",Msa,CA,5.866730769,4.689807692,3.850576923,3.432857143,568853,389909,488218,624553
395121,18,"St.Louis,MO",Msa,MO,5.866730769,4.689807692,3.850576923,3.432857143,161319,153901,149081,181152
395148,19,"Tampa,FL",Msa,FL,5.866730769,4.689807692,3.850576923,3.432857143,198251,140412,162583,232875
394358,20,"Baltimore,MD",Msa,MD,5.866730769,4.689807692,3.850576923,3.432857143,286768,274094,265947,295781
394530,21,"Denver,CO",Msa,CO,5.866730769,4.689807692,3.850576923,3.432857143,259570,241352,323255,445068
394982,22,"Pittsburgh,PA",Msa,PA,5.866730769,4.689807692,3.850576923,3.432857143,111437,121898,131517,160675
394998,23,"Portland,OR",Msa,OR,5.866730769,4.689807692,3.850576923,3.432857143,252720,258825,314503,423256
394458,24,"Charlotte,NC",Msa,NC,5.866730769,4.689807692,3.850576923,3.432857143,164822,163751,172344,240042
395045,25,"Sacramento,CA",Msa,CA,5.866730769,4.689807692,3.850576923,3.432857143,425198,246961,328168,439793
395055,26,"SanAntonio,TX",Msa,TX,5.866730769,4.689807692,3.850576923,3.432857143,131782,143230,162988,206575
394943,27,Orlando,Msa,FL,5.866730769,4.689807692,3.850576923,3.432857143,220196,147467,185520,258899
394466,28,"Cincinnati,OH",Msa,OH,5.866730769,4.689807692,3.850576923,3.432857143,156092,146082,144756,187995
394475,29,"Cleveland,OH",Msa,OH,5.866730769,4.689807692,3.850576923,3.432857143,154224,132082,126271,160505
394735,30,"KansasCity,MO",Msa,MO,5.866730769,4.689807692,3.850576923,3.432857143,148873,148854,154418,207079
394775,31,LasVegas,Msa,NV,5.866730769,4.689807692,3.850576923,3.432857143,317929,148859,203843,295274
394492,32,"Columbus,OH",Msa,OH,5.866730769,4.689807692,3.850576923,3.432857143,162018,149412,157177,215095
394705,33,"Indianapolis,IN",Msa,IN,5.866730769,4.689807692,3.850576923,3.432857143,132794,131049,138587,183513
395059,34,"SanJose,CA",Msa,CA,5.866730769,4.689807692,3.850576923,3.432857143,706580,659595,954314,1235739
394355,35,"Austin,TX",Msa,TX,5.866730769,4.689807692,3.850576923,3.432857143,202007,209917,271140,343552
395194,36,"VirginiaBeach,VA",Msa,VA,5.866730769,4.689807692,3.850576923,3.432857143,213003,229009,219329,245567
394902,37,"Nashville,TN",Msa,TN,5.866730769,4.689807692,3.850576923,3.432857143,168532,175858,199286,284505
395005,38,"Providence,RI",Msa,RI,5.866730769,4.689807692,3.850576923,3.432857143,323602,257095,257276,322897
394862,39,"Milwaukee,WI",Msa,WI,5.866730769,4.689807692,3.850576923,3.432857143,187070,171592,165249,211292
394714,40,"Jacksonville,FL",Msa,FL,5.866730769,4.689807692,3.850576923,3.432857143,193214,163399,173144,233320
394849,41,"Memphis,TN",Msa,TN,5.866730769,4.689807692,3.850576923,3.432857143,135428,118951,118437,156672
394935,42,"OklahomaCity,OK",Msa,OK,5.866730769,4.689807692,3.850576923,3.432857143,113922,127533,136560,157985
394807,43,"Louisville-JeffersonCounty,KY",Msa,KY,5.866730769,4.689807692,3.850576923,3.432857143,137756,138879,142643,182978
394669,44,"Hartford,CT",Msa,CT,5.866730769,4.689807692,3.850576923,3.432857143,260183,244811,223279,239553
395022,45,"Richmond,VA",Msa,VA,5.866730769,4.689807692,3.850576923,3.432857143,198256,204154,202356,249251
394910,46,"NewOrleans,LA",Msa,LA,5.866730769,4.689807692,3.850576923,3.432857143,164302,177105,182664,207594
394425,47,"Buffalo,NY",Msa,NY,5.866730769,4.689807692,3.850576923,3.432857143,113261,127151,136456,176292
395012,48,"Raleigh,NC",Msa,NC,5.866730769,4.689807692,3.850576923,3.432857143,202502,213944,226166,287558
394388,49,"Birmingham,AL",Msa,AL,5.866730769,4.689807692,3.850576923,3.432857143,141246,136541,134934,167274
395053,50,"SaltLakeCity,UT",Msa,UT,5.866730769,4.689807692,3.850576923,3.432857143,202850,228823,268583,386244
395031,51,"Rochester,NY",Msa,NY,5.866730769,4.689807692,3.850576923,3.432857143,122966,128341,130545,158453
394640,52,"GrandRapids,MI",Msa,MI,5.866730769,4.689807692,3.850576923,3.432857143,152149,129009,156905,224970
395167,53,"Tucson,AZ",Msa,AZ,5.866730769,4.689807692,3.850576923,3.432857143,214699,173821,172447,229523
753924,54,Honolulu,Msa,HI,5.866730769,4.689807692,3.850576923,3.432857143,481467,513285,610682,698380
395169,55,"Tulsa,OK",Msa,OK,5.866730769,4.689807692,3.850576923,3.432857143,118007,125769,127859,150112
394619,56,"Fresno,CA",Msa,CA,5.866730769,4.689807692,3.850576923,3.432857143,271262,171412,202597,268459
395238,57,"Worcester,MA",Msa,MA,5.866730769,4.689807692,3.850576923,3.432857143,303912,240212,238933,301452
394415,58,"Stamford,CT",Msa,CT,5.866730769,4.689807692,3.850576923,3.432857143,512548,422731,405501,418732
394312,59,"Albuquerque,NM",Msa,NM,5.866730769,4.689807692,3.850576923,3.432857143,165014,181646,176489,214766
394308,60,"Albany,NY",Msa,NY,5.866730769,4.689807692,3.850576923,3.432857143,173414,191198,182162,208787
394938,61,"Omaha,NE",Msa,NE,5.866730769,4.689807692,3.850576923,3.432857143,145598,145510,154659,200997
394908,62,"NewHaven,CT",Msa,CT,5.866730769,4.689807692,3.850576923,3.432857143,272265,240985,213178,234175
394357,63,"Bakersfield,CA",Msa,CA,5.866730769,4.689807692,3.850576923,3.432857143,239569,144127,191617,235046
394753,64,"Knoxville,TN",Msa,TN,5.866730769,4.689807692,3.850576923,3.432857143,136355,146721,149323,194061
394653,65,"Greenville,SC",Msa,SC,5.866730769,4.689807692,3.850576923,3.432857143,138623,145176,152519,199993
394952,66,"Ventura,CA",Msa,CA,5.866730769,4.689807692,3.850576923,3.432857143,599511,425246,511428,611841
394318,67,"Allentown,PA",Msa,PA,5.866730769,4.689807692,3.850576923,3.432857143,193928,197885,181741,214690
394561,68,"ElPaso,TX",Msa,TX,5.866730769,4.689807692,3.850576923,3.432857143,107972,125872,120342,136939
394367,69,"BatonRouge,LA",Msa,LA,5.866730769,4.689807692,3.850576923,3.432857143,142361,169468,168879,184680
394521,70,"Dayton,OH",Msa,OH,5.866730769,4.689807692,3.850576923,3.432857143,125129,109413,103098,136838
394843,71,"McAllen,TX",Msa,TX,5.866730769,4.689807692,3.850576923,3.432857143,75772,81374,93852,118471
394486,72,"Columbia,SC",Msa,SC,5.866730769,4.689807692,3.850576923,3.432857143,138164,144871,134631,161746
394648,73,"Greensboro,NC",Msa,NC,5.866730769,4.689807692,3.850576923,3.432857143,132656,129967,125919,159090
394304,74,"Akron,OH",Msa,OH,5.866730769,4.689807692,3.850576923,3.432857143,138490,127456,123478,155236
753906,75,"NorthPort-Sarasota-Bradenton,FL",Msa,FL,5.866730769,4.689807692,3.850576923,3.432857143,284325,179746,229892,279701
394798,76,"LittleRock,AR",Msa,AR,5.866730769,4.689807692,3.850576923,3.432857143,124958,135865,135961,149320
395134,77,"Stockton,CA",Msa,CA,5.866730769,4.689807692,3.850576923,3.432857143,336290,185979,279664,390722
394457,78,"Charleston,SC",Msa,SC,5.866730769,4.689807692,3.850576923,3.432857143,209931,200565,219138,274459
395143,79,"Syracuse,NY",Msa,NY,5.866730769,4.689807692,3.850576923,3.432857143,113545,126702,126102,148988
394484,80,"ColoradoSprings,CO",Msa,CO,5.866730769,4.689807692,3.850576923,3.432857143,211227,209231,228571,325288
395235,81,"Winston-Salem,NC",Msa,NC,5.866730769,4.689807692,3.850576923,3.432857143,131895,133488,129355,162660
395224,82,"Wichita,KS",Msa,KS,5.866730769,4.689807692,3.850576923,3.432857143,109508,120740,120961,145373
395115,83,"Springfield,MA",Msa,MA,5.866730769,4.689807692,3.850576923,3.432857143,215903,209431,202362,238637
394440,84,"FortMyers,FL",Msa,FL,5.866730769,4.689807692,3.850576923,3.432857143,270877,145358,202811,243816
394399,85,"BoiseCity,ID",Msa,ID,5.866730769,4.689807692,3.850576923,3.432857143,178163,155763,197304,320731
395160,86,"Toledo,OH",Msa,OH,5.866730769,4.689807692,3.850576923,3.432857143,121186,104907,101216,126605
394816,87,"Madison,WI",Msa,WI,5.866730769,4.689807692,3.850576923,3.432857143,214207,215131,226034,289583
394766,88,"Lakeland,FL",Msa,FL,5.866730769,4.689807692,3.850576923,3.432857143,158145,121184,137758,196226
394931,89,"Ogden,UT",Msa,UT,5.866730769,4.689807692,3.850576923,3.432857143,172624,191415,212439,319272
394528,90,"DaytonaBeach,FL",Msa,FL,5.866730769,4.689807692,3.850576923,3.432857143,205842,137431,157464,223019
394531,91,"DesMoines,IA",Msa,IA,5.866730769,4.689807692,3.850576923,3.432857143,158146,156740,167182,204800
394711,92,"Jackson,MS",Msa,MS,5.866730769,4.689807692,3.850576923,3.432857143,123986,127118,126760,144144
395245,93,"Youngstown,OH",Msa,OH,5.866730769,4.689807692,3.850576923,3.432857143,96823,84466,79942,98357
394352,94,"Augusta,GA",Msa,GA,5.866730769,4.689807692,3.850576923,3.432857143,115540,128180,126671,154730
395075,95,"Scranton,PA",Msa,PA,5.866730769,4.689807692,3.850576923,3.432857143,103303,114296,106082,120881
394666,96,"Harrisburg,PA",Msa,PA,5.866730769,4.689807692,3.850576923,3.432857143,149676,169035,165090,191285
394957,97,"Melbourne,FL",Msa,FL,5.866730769,4.689807692,3.850576923,3.432857143,223143,133830,160562,228496
394460,98,"Chattanooga,TN",Msa,TN,5.866730769,4.689807692,3.850576923,3.432857143,131798,131387,136717,179142
395113,99,"Spokane,WA",Msa,WA,5.866730769,4.689807692,3.850576923,3.432857143,168558,183230,182775,287240
395006,100,"Provo,UT",Msa,UT,5.866730769,4.689807692,3.850576923,3.432857143,202715,214722,253347,357344
394768,101,"Lancaster,PA",Msa,PA,5.866730769,4.689807692,3.850576923,3.432857143,184196,201175,196162,238175
394871,102,"Modesto,CA",Msa,CA,5.866730769,4.689807692,3.850576923,3.432857143,#DIV/0!,156540,243783,337142
394997,103,"Portland,ME",Msa,ME,5.866730769,4.689807692,3.850576923,3.432857143,270680,237866,246462,324636
394549,104,"Durham,NC",Msa,NC,5.866730769,4.689807692,3.850576923,3.432857143,197683,203242,207031,272202
395068,105,"SantaRosa,CA",Msa,CA,5.866730769,4.689807692,3.850576923,3.432857143,603841,394965,524400,654523
394792,106,"Lexington,KY",Msa,KY,5.866730769,4.689807692,3.850576923,3.432857143,150369,151766,156717,194030
394761,107,"Lafayette,LA",Msa,LA,5.866730769,4.689807692,3.850576923,3.432857143,115609,135441,144986,158708
394770,108,"Lansing,MI",Msa,MI,5.866730769,4.689807692,3.850576923,3.432857143,146670,115188,128271,166348
394590,109,"Fayetteville,AR",Msa,AR,5.866730769,4.689807692,3.850576923,3.432857143,155188,141640,153259,198624
394971,110,"Pensacola,FL",Msa,FL,5.866730769,4.689807692,3.850576923,3.432857143,162914,143723,144096,192386
395195,111,"Visalia,CA",Msa,CA,5.866730769,4.689807692,3.850576923,3.432857143,204049,146952,175102,228162
395096,112,"Shreveport,LA",Msa,LA,5.866730769,4.689807692,3.850576923,3.432857143,100664,113085,106537,110164
395116,113,"Springfield,MO",Msa,MO,5.866730769,4.689807692,3.850576923,3.432857143,119496,120500,123340,159627
395244,114,"York,PA",Msa,PA,5.866730769,4.689807692,3.850576923,3.432857143,167660,176566,163198,193914
394502,115,"CorpusChristi,TX",Msa,TX,5.866730769,4.689807692,3.850576923,3.432857143,117673,123533,140911,164708
394596,116,"Flint,MI",Msa,MI,5.866730769,4.689807692,3.850576923,3.432857143,181318,94055,96534,134029
395019,117,"Reno,NV",Msa,NV,5.866730769,4.689807692,3.850576923,3.432857143,363776,195046,274325,392171
394338,118,"Asheville,NC",Msa,NC,5.866730769,4.689807692,3.850576923,3.432857143,177089,201608,209621,280504
394995,119,"PortSt.Lucie,FL",Msa,FL,5.866730769,4.689807692,3.850576923,3.432857143,234784,130736,172659,243577
753917,120,"SantaMaria-SantaBarbara,CA",Msa,CA,5.866730769,4.689807692,3.850576923,3.432857143,721917,472831,562250,658806
394698,121,"Huntsville,AL",Msa,AL,5.866730769,4.689807692,3.850576923,3.432857143,123699,161106,159152,196683
394612,122,"FortWayne,IN",Msa,IN,5.866730769,4.689807692,3.850576923,3.432857143,110014,108351,113527,152945
395050,123,"Salinas,CA",Msa,CA,5.866730769,4.689807692,3.850576923,3.432857143,571112,343416,467085,603889
395183,124,"Vallejo,CA",Msa,CA,5.866730769,4.689807692,3.850576923,3.432857143,415570,241737,347264,460912
394870,125,"Mobile,AL",Msa,AL,5.866730769,4.689807692,3.850576923,3.432857143,108793,123592,104632,128014
395015,126,"Reading,PA",Msa,PA,5.866730769,4.689807692,3.850576923,3.432857143,152273,170374,158272,192636
394421,127,"Brownsville,TX",Msa,TX,5.866730769,4.689807692,3.850576923,3.432857143,101984,105294,97444,109938
394746,128,"Killeen,TX",Msa,TX,5.866730769,4.689807692,3.850576923,3.432857143,123917,123325,126088,154775
394439,129,"Canton,OH",Msa,OH,5.866730769,4.689807692,3.850576923,3.432857143,117633,112635,110003,140192
394372,130,"Beaumont,TX",Msa,TX,5.866730769,4.689807692,3.850576923,3.432857143,84138,95551,109673,126060
394820,131,"Manchester,NH",Msa,NH,5.866730769,4.689807692,3.850576923,3.432857143,291761,239171,247906,315757
395048,132,"Salem,OR",Msa,OR,5.866730769,4.689807692,3.850576923,3.432857143,172761,187298,200024,302739
394327,133,"Anchorage,AK",Msa,AK,5.866730769,4.689807692,3.850576923,3.432857143,231532,271038,298428,321990
394520,134,"Davenport,IL",Msa,IL,5.866730769,4.689807692,3.850576923,3.432857143,108812,111654,114674,130677
394972,135,"Peoria,IL",Msa,IL,5.866730769,4.689807692,3.850576923,3.432857143,113691,117401,114447,114046
394898,136,"MyrtleBeach,SC",Msa,SC,5.866730769,4.689807692,3.850576923,3.432857143,191963,176498,172988,206713
394875,137,"Montgomery,AL",Msa,AL,5.866730769,4.689807692,3.850576923,3.432857143,115524,120796,116379,126530
395051,138,"Salisbury,MD",Msa,DE,5.866730769,4.689807692,3.850576923,3.432857143,269677,237002,223716,251037
394658,139,"Gulfport,MS",Msa,MS,5.866730769,4.689807692,3.850576923,3.432857143,#DIV/0!,123695,115636,140052
395146,140,"Tallahassee,FL",Msa,FL,5.866730769,4.689807692,3.850576923,3.432857143,170857,149604,147881,186590
395164,141,"Trenton,NJ",Msa,NJ,5.866730769,4.689807692,3.850576923,3.432857143,297202,264553,237418,261407
394589,142,"Fayetteville,NC",Msa,NC,5.866730769,4.689807692,3.850576923,3.432857143,113119,130480,119351,133902
394679,143,"Hickory,NC",Msa,NC,5.866730769,4.689807692,3.850576923,3.432857143,117784,121972,119470,155956
394697,144,"Huntington,WV",Msa,WV,5.866730769,4.689807692,3.850576923,3.432857143,81433,82086,88866,104398
394576,145,"Eugene,OR",Msa,OR,5.866730769,4.689807692,3.850576923,3.432857143,213750,220117,225146,324527
395033,146,"Rockford,IL",Msa,IL,5.866730769,4.689807692,3.850576923,3.432857143,121199,111503,100595,123527
395070,147,"Savannah,GA",Msa,GA,5.866730769,4.689807692,3.850576923,3.432857143,167541,168146,169543,204329
394332,148,"AnnArbor,MI",Msa,MI,5.866730769,4.689807692,3.850576923,3.432857143,246215,178926,228999,292831
394927,149,"Ocala,FL",Msa,FL,5.866730769,4.689807692,3.850576923,3.432857143,148491,121181,120432,170876
394732,150,"Kalamazoo,MI",Msa,MI,5.866730769,4.689807692,3.850576923,3.432857143,139176,120970,132965,176212
394901,151,"Naples,FL",Msa,FL,5.866730769,4.689807692,3.850576923,3.432857143,365711,246824,319547,344896
395107,152,"SouthBend,IN",Msa,IN,5.866730769,4.689807692,3.850576923,3.432857143,110667,104897,104729,137944
395109,153,"Spartanburg,SC",Msa,SC,5.866730769,4.689807692,3.850576923,3.432857143,109078,114702,114698,153748
394579,154,"Evansville,IN",Msa,IN,5.866730769,4.689807692,3.850576923,3.432857143,114188,111688,117509,144237
394747,155,"Kingsport,TN",Msa,TN,5.866730769,4.689807692,3.850576923,3.432857143,103189,111105,113840,138175
395028,156,"Roanoke,VA",Msa,VA,5.866730769,4.689807692,3.850576923,3.432857143,158919,152145,160216,186695
394646,157,"GreenBay,WI",Msa,WI,5.866730769,4.689807692,3.850576923,3.432857143,144544,147223,141658,185285
394796,158,"Lincoln,NE",Msa,NE,5.866730769,4.689807692,3.850576923,3.432857143,145318,145790,160174,202334
394602,159,"FortCollins,CO",Msa,CO,5.866730769,4.689807692,3.850576923,3.432857143,254389,242350,306871,414231
395179,160,"Utica,NY",Msa,NY,5.866730769,4.689807692,3.850576923,3.432857143,97139,107998,108646,135604
394488,161,"Columbus,GA",Msa,GA,5.866730769,4.689807692,3.850576923,3.432857143,119412,120974,108226,124001
394405,162,"Boulder,CO",Msa,CO,5.866730769,4.689807692,3.850576923,3.432857143,329948,336737,433367,581422
394808,163,"Lubbock,TX",Msa,TX,5.866730769,4.689807692,3.850576923,3.432857143,98915,118942,118188,148257
394572,164,"Erie,PA",Msa,PA,5.866730769,4.689807692,3.850576923,3.432857143,109081,117828,118976,130230
394609,165,"FortSmith,AR",Msa,AR,5.866730769,4.689807692,3.850576923,3.432857143,82578,88785,91814,109130
394543,166,"Duluth,MN",Msa,MN,5.866730769,4.689807692,3.850576923,3.432857143,128968,135062,136984,171116
394348,167,"AtlanticCity,NJ",Msa,NJ,5.866730769,4.689807692,3.850576923,3.432857143,255970,224431,188746,203478
394924,168,"NewLondon,CT",Msa,CT,5.866730769,4.689807692,3.850576923,3.432857143,289194,251052,221872,245406
395061,169,"SanLuisObispo,CA",Msa,CA,5.866730769,4.689807692,3.850576923,3.432857143,582497,434300,523857,638543
394622,170,"Gainesville,FL",Msa,FL,5.866730769,4.689807692,3.850576923,3.432857143,178683,160800,153605,203606
395065,171,"SantaCruz,CA",Msa,CA,5.866730769,4.689807692,3.850576923,3.432857143,715167,540761,688100,856189
394471,172,"Clarksville,TN",Msa,TN,5.866730769,4.689807692,3.850576923,3.432857143,118806,134521,138808,167258
394447,173,"CedarRapids,IA",Msa,IA,5.866730769,4.689807692,3.850576923,3.432857143,129185,137549,139864,161315
394851,174,"Merced,CA",Msa,CA,5.866730769,4.689807692,3.850576923,3.432857143,278471,138584,197574,282361
395229,175,"Wilmington,NC",Msa,NC,5.866730769,4.689807692,3.850576923,3.432857143,202331,213304,207861,263934
394741,176,"Kennewick,WA",Msa,WA,5.866730769,4.689807692,3.850576923,3.432857143,176161,179108,199624,313671
394645,177,"Greeley,CO",Msa,CO,5.866730769,4.689807692,3.850576923,3.432857143,245091,200834,268130,378405
395197,178,"Waco,TX",Msa,TX,5.866730769,4.689807692,3.850576923,3.432857143,108463,109650,117349,162743
394937,179,"Olympia,WA",Msa,WA,5.866730769,4.689807692,3.850576923,3.432857143,234752,252130,242170,356114
394323,180,"Amarillo,TX",Msa,TX,5.866730769,4.689807692,3.850576923,3.432857143,104552,115101,122937,142833
394387,181,"Binghamton,NY",Msa,NY,5.866730769,4.689807692,3.850576923,3.432857143,96698,115898,107506,121780
394660,182,"Hagerstown,WV",Msa,MD,5.866730769,4.689807692,3.850576923,3.432857143,191432,168125,170825,203309
394412,183,"Bremerton,WA",Msa,WA,5.866730769,4.689807692,3.850576923,3.432857143,266315,270752,271641,406606
394772,184,"Laredo,TX",Msa,TX,5.866730769,4.689807692,3.850576923,3.432857143,127493,136317,141775,152835
394811,185,"Lynchburg,VA",Msa,VA,5.866730769,4.689807692,3.850576923,3.432857143,135730,147281,150934,180428
395240,186,"Yakima,WA",Msa,WA,5.866730769,4.689807692,3.850576923,3.432857143,131289,153973,153265,234290
753875,187,"Crestview-FortWaltonBeach-Destin,FL",Msa,FL,5.866730769,4.689807692,3.850576923,3.432857143,263545,204894,218689,278814
395161,188,"Topeka,KS",Msa,KS,5.866730769,4.689807692,3.850576923,3.432857143,108056,114683,113547,135019
394813,189,"Macon-BibbCounty,GA",Msa,GA,5.866730769,4.689807692,3.850576923,3.432857143,91495,84819,87835,109900
394454,190,"Champaign-Urbana,IL",Msa,IL,5.866730769,4.689807692,3.850576923,3.432857143,134935,136815,135452,146522
395171,191,"Tuscaloosa,AL",Msa,AL,5.866730769,4.689807692,3.850576923,3.432857143,135100,139993,144566,165852
394483,192,"CollegeStation,TX",Msa,TX,5.866730769,4.689807692,3.850576923,3.432857143,127170,142801,168088,212860
395103,193,"SiouxFalls,SD",Msa,SD,5.866730769,4.689807692,3.850576923,3.432857143,144973,156515,173893,222198
394455,194,"Charleston,WV",Msa,WV,5.866730769,4.689807692,3.850576923,3.432857143,89611,98145,97055,97510
394334,195,"Appleton,WI",Msa,WI,5.866730769,4.689807692,3.850576923,3.432857143,140065,135872,137925,179588
394464,196,"Chico,CA",Msa,CA,5.866730769,4.689807692,3.850576923,3.432857143,293565,218395,240166,334808
394459,197,"Charlottesville,VA",Msa,VA,5.866730769,4.689807692,3.850576923,3.432857143,273909,254978,259172,301045
394468,198,"Claremont,NH",Msa,NH,5.866730769,4.689807692,3.850576923,3.432857143,182737,179368,187500,222475
394361,199,"BarnstableTown,MA",Msa,MA,5.866730769,4.689807692,3.850576923,3.432857143,435694,368828,374391,440968
394803,200,"Longview,TX",Msa,TX,5.866730769,4.689807692,3.850576923,3.432857143,88587,101384,121191,154042
394429,201,"Burlington,VT",Msa,VT,5.866730769,4.689807692,3.850576923,3.432857143,243665,253642,267121,314934
395002,202,"Prescott,AZ",Msa,AZ,5.866730769,4.689807692,3.850576923,3.432857143,250538,202445,239854,325956
395114,203,"Springfield,IL",Msa,IL,5.866730769,4.689807692,3.850576923,3.432857143,119075,122653,129482,135503
395174,204,"Tyler,TX",Msa,TX,5.866730769,4.689807692,3.850576923,3.432857143,117960,124061,136757,174522
394773,205,"LasCruces,NM",Msa,NM,5.866730769,4.689807692,3.850576923,3.432857143,147664,149361,151061,172554
394585,206,"Fargo,ND",Msa,ND,5.866730769,4.689807692,3.850576923,3.432857143,169113,176329,203909,226184
394691,207,"Houma,LA",Msa,LA,5.866730769,4.689807692,3.850576923,3.432857143,111254,139582,150046,164009
395030,208,"Rochester,MN",Msa,MN,5.866730769,4.689807692,3.850576923,3.432857143,176239,166776,179745,240535
394597,209,"Florence,SC",Msa,SC,5.866730769,4.689807692,3.850576923,3.432857143,95567,96414,100064,114539
394848,210,"Medford,OR",Msa,OR,5.866730769,4.689807692,3.850576923,3.432857143,296171,226889,248976,323556
753895,211,"Lafayette-WestLafayette,IN",Msa,IN,5.866730769,4.689807692,3.850576923,3.432857143,127876,125427,130932,171735
394378,212,"Bellingham,WA",Msa,WA,5.866730769,4.689807692,3.850576923,3.432857143,263405,273812,288207,431213
394765,213,"LakeHavasuCity,AZ",Msa,AZ,5.866730769,4.689807692,3.850576923,3.432857143,227919,151774,176624,250066
395047,214,"Saginaw,MI",Msa,MI,5.866730769,4.689807692,3.850576923,3.432857143,104026,79860,73532,96321
394763,215,"LakeCharles,LA",Msa,LA,5.866730769,4.689807692,3.850576923,3.432857143,#DIV/0!,#DIV/0!,146997,173182
394726,216,"JohnsonCity,TN",Msa,TN,5.866730769,4.689807692,3.850576923,3.432857143,109670,123648,127632,155909
394565,217,"Elkhart,IN",Msa,IN,5.866730769,4.689807692,3.850576923,3.432857143,#DIV/0!,116100,127472,167127
395247,218,"Yuma,AZ",Msa,AZ,5.866730769,4.689807692,3.850576923,3.432857143,170311,140735,132493,165146
395011,219,"Racine,WI",Msa,WI,5.866730769,4.689807692,3.850576923,3.432857143,210368,198706,180194,239042
394346,220,"Athens,GA",Msa,GA,5.866730769,4.689807692,3.850576923,3.432857143,158416,148557,153934,213723
395162,221,"Torrington,CT",Msa,CT,5.866730769,4.689807692,3.850576923,3.432857143,284260,257124,230070,247786
395118,222,"St.Cloud,MN",Msa,MN,5.866730769,4.689807692,3.850576923,3.432857143,189036,158915,167966,213257
394681,223,"HiltonHeadIsland,SC",Msa,SC,5.866730769,4.689807692,3.850576923,3.432857143,300717,271873,271975,315391
753869,224,"Bloomington,IL",Msa,IL,5.866730769,4.689807692,3.850576923,3.432857143,138368,143997,141804,146134
394680,225,"Hilo,HI",Msa,HI,5.866730769,4.689807692,3.850576923,3.432857143,#DIV/0!,#DIV/0!,319958,383305
394960,226,"PanamaCity,FL",Msa,FL,5.866730769,4.689807692,3.850576923,3.432857143,221729,176001,179706,231573
394748,227,"Kingston,NY",Msa,NY,5.866730769,4.689807692,3.850576923,3.432857143,243796,228656,209676,250639
394519,228,"Daphne,AL",Msa,AL,5.866730769,4.689807692,3.850576923,3.432857143,168220,164914,165100,217910
394623,229,"Gainesville,GA",Msa,GA,5.866730769,4.689807692,3.850576923,3.432857143,181501,156431,174494,233054
395202,230,"WarnerRobins,GA",Msa,GA,5.866730769,4.689807692,3.850576923,3.432857143,126287,129913,125532,144671
394392,231,"Blacksburg,VA",Msa,VA,5.866730769,4.689807692,3.850576923,3.432857143,165386,157844,164490,194216
394716,232,"Jacksonville,NC",Msa,NC,5.866730769,4.689807692,3.850576923,3.432857143,121194,161719,142591,170423
395018,233,"Redding,CA",Msa,CA,5.866730769,4.689807692,3.850576923,3.432857143,215268,167207,221256,279741
394872,234,"Monroe,LA",Msa,LA,5.866730769,4.689807692,3.850576923,3.432857143,112261,122321,140528,153088
394729,235,"Joplin,MO",Msa,MO,5.866730769,4.689807692,3.850576923,3.432857143,84051,80298,99354,131894
394559,236,"ElCentro,CA",Msa,CA,5.866730769,4.689807692,3.850576923,3.432857143,187501,153645,195175,245923
395151,237,"TerreHaute,IN",Msa,IN,5.866730769,4.689807692,3.850576923,3.432857143,81992,78184,81432,98080
394896,238,"Muskegon,MI",Msa,MI,5.866730769,4.689807692,3.850576923,3.432857143,110808,88235,98666,148485
394553,239,"EastStroudsburg,PA",Msa,PA,5.866730769,4.689807692,3.850576923,3.432857143,176530,172211,141281,176618
395102,240,"SiouxCity,IA",Msa,IA,5.866730769,4.689807692,3.850576923,3.432857143,96701,101979,118361,143639
394651,241,"Greenville,NC",Msa,NC,5.866730769,4.689807692,3.850576923,3.432857143,127089,129982,122797,145226
395210,242,"Waterloo,IA",Msa,IA,5.866730769,4.689807692,3.850576923,3.432857143,107871,122116,129528,142157
394944,243,"Oshkosh,WI",Msa,WI,5.866730769,4.689807692,3.850576923,3.432857143,135939,135836,120293,155950
395246,244,"YubaCity,CA",Msa,CA,5.866730769,4.689807692,3.850576923,3.432857143,252763,177761,216392,311304
394299,245,"Abilene,TX",Msa,TX,5.866730769,4.689807692,3.850576923,3.432857143,89790,102833,112622,138278
394485,246,"Columbia,MO",Msa,MO,5.866730769,4.689807692,3.850576923,3.432857143,154191,159370,169055,194378
394539,247,"Dover,DE",Msa,DE,5.866730769,4.689807692,3.850576923,3.432857143,#DIV/0!,208228,196858,233530
394555,248,"EauClaire,WI",Msa,WI,5.866730769,4.689807692,3.850576923,3.432857143,127935,130251,137678,186478
394720,249,"Janesville,WI",Msa,WI,5.866730769,4.689807692,3.850576923,3.432857143,#DIV/0!,110061,112126,155663
394710,250,"Jackson,MI",Msa,MI,5.866730769,4.689807692,3.850576923,3.432857143,139283,94142,111583,151816
395009,251,"PuntaGorda,FL",Msa,FL,5.866730769,4.689807692,3.850576923,3.432857143,189468,133114,165262,217107
394393,252,"Bloomington,IN",Msa,IN,5.866730769,4.689807692,3.850576923,3.432857143,140568,150111,155936,204937
395007,253,"Pueblo,CO",Msa,CO,5.866730769,4.689807692,3.850576923,3.432857143,127845,125090,128890,195667
394386,254,"Billings,MT",Msa,MT,5.866730769,4.689807692,3.850576923,3.432857143,169220,202179,242700,266610
394406,255,"BowlingGreen,KY",Msa,KY,5.866730769,4.689807692,3.850576923,3.432857143,117011,122591,128194,167198
394380,256,"Bend,OR",Msa,OR,5.866730769,4.689807692,3.850576923,3.432857143,278099,223926,309317,429396
394306,257,"Albany,GA",Msa,GA,5.866730769,4.689807692,3.850576923,3.432857143,92439,87940,93238,111435
395193,258,"Vineland,NJ",Msa,NJ,5.866730769,4.689807692,3.850576923,3.432857143,174384,174581,141953,141504
394917,259,"Niles,MI",Msa,MI,5.866730769,4.689807692,3.850576923,3.432857143,155990,152531,153493,186397
394731,260,"Kahului,HI",Msa,HI,5.866730769,4.689807692,3.850576923,3.432857143,522576,496153,562115,702712
394946,261,"Ottawa,IL",Msa,IL,5.866730769,4.689807692,3.850576923,3.432857143,120609,111145,107420,117889
395125,262,"StateCollege,PA",Msa,PA,5.866730769,4.689807692,3.850576923,3.432857143,170194,197391,213183,253457
394359,263,"Bangor,ME",Msa,ME,5.866730769,4.689807692,3.850576923,3.432857143,131771,128158,131542,156573
394314,264,"Alexandria,LA",Msa,LA,5.866730769,4.689807692,3.850576923,3.432857143,88796,110020,120703,125258
394523,265,"Decatur,AL",Msa,AL,5.866730769,4.689807692,3.850576923,3.432857143,98914,97212,111270,132821
394662,266,"Hanford,CA",Msa,CA,5.866730769,4.689807692,3.850576923,3.432857143,198216,165493,180140,236617
394707,267,"IowaCity,IA",Msa,IA,5.866730769,4.689807692,3.850576923,3.432857143,165972,176748,193129,221869
395036,268,"RockyMount,NC",Msa,NC,5.866730769,4.689807692,3.850576923,3.432857143,95366,95903,92911,108995
394873,269,"Monroe,MI",Msa,MI,5.866730769,4.689807692,3.850576923,3.432857143,179520,133188,143795,172865
395223,270,"WichitaFalls,TX",Msa,TX,5.866730769,4.689807692,3.850576923,3.432857143,84802,88418,91882,102113
394428,271,"Burlington,NC",Msa,NC,5.866730769,4.689807692,3.850576923,3.432857143,#DIV/0!,#DIV/0!,132928,167453
394814,272,"Madera,CA",Msa,CA,5.866730769,4.689807692,3.850576923,3.432857143,196394,147190,203328,277085
394723,273,"JeffersonCity,MO",Msa,MO,5.866730769,4.689807692,3.850576923,3.432857143,123580,128322,131564,160153
394453,274,"Chambersburg,PA",Msa,PA,5.866730769,4.689807692,3.850576923,3.432857143,179806,176203,165240,179534
395152,275,"Texarkana,TX",Msa,TX,5.866730769,4.689807692,3.850576923,3.432857143,74139,76668,92588,111877
394563,276,"Elizabethtown,KY",Msa,KY,5.866730769,4.689807692,3.850576923,3.432857143,110705,118095,125782,152694
395000,277,"Pottsville,PA",Msa,PA,5.866730769,4.689807692,3.850576923,3.432857143,70894,74958,70902,82062
395221,278,"Wheeling,OH",Msa,OH,5.866730769,4.689807692,3.850576923,3.432857143,62679,70734,79115,100712
394598,279,"Florence,AL",Msa,AL,5.866730769,4.689807692,3.850576923,3.432857143,#DIV/0!,109315,108121,125492
394639,280,"GrandJunction,CO",Msa,CO,5.866730769,4.689807692,3.850576923,3.432857143,194947,211362,199454,275020
394493,281,"Concord,NH",Msa,NH,5.866730769,4.689807692,3.850576923,3.432857143,253555,212079,215358,272021
394537,282,"Dothan,AL",Msa,AL,5.866730769,4.689807692,3.850576923,3.432857143,105197,111503,103815,115944
395066,283,"SantaFe,NM",Msa,NM,5.866730769,4.689807692,3.850576923,3.432857143,314201,317651,307727,388958
394727,284,"Johnstown,PA",Msa,PA,5.866730769,4.689807692,3.850576923,3.432857143,#DIV/0!,#DIV/0!,72538,78513
395163,285,"TraverseCity,MI",Msa,MI,5.866730769,4.689807692,3.850576923,3.432857143,176689,159882,192117,254041
394671,286,"Hattiesburg,MS",Msa,MS,5.866730769,4.689807692,3.850576923,3.432857143,#DIV/0!,125272,123710,141512
394515,287,"Dalton,GA",Msa,GA,5.866730769,4.689807692,3.850576923,3.432857143,112468,105377,110086,141576
394860,288,"Midland,TX",Msa,TX,5.866730769,4.689807692,3.850576923,3.432857143,125811,161043,215317,265839
394685,289,"HomosassaSprings,FL",Msa,FL,5.866730769,4.689807692,3.850576923,3.432857143,150144,120704,115639,165306
394351,290,"Auburn,AL",Msa,AL,5.866730769,4.689807692,3.850576923,3.432857143,178577,176908,169354,203504
395182,291,"Valdosta,GA",Msa,GA,5.866730769,4.689807692,3.850576923,3.432857143,98083,103123,110781,127440
394480,292,"Coeurd'Alene,ID",Msa,ID,5.866730769,4.689807692,3.850576923,3.432857143,203692,208149,235360,368729
395117,293,"Springfield,OH",Msa,OH,5.866730769,4.689807692,3.850576923,3.432857143,111010,102303,90472,114914
395119,294,"St.George,UT",Msa,UT,5.866730769,4.689807692,3.850576923,3.432857143,213221,203060,246522,333676
395079,295,"VeroBeach,FL",Msa,FL,5.866730769,4.689807692,3.850576923,3.432857143,231840,151323,175613,237326
394930,296,"Odessa,TX",Msa,TX,5.866730769,4.689807692,3.850576923,3.432857143,82392,106036,148424,193463
394900,297,"Napa,CA",Msa,CA,5.866730769,4.689807692,3.850576923,3.432857143,538718,413615,577729,700108
395170,298,"Tupelo,MS",Msa,MS,5.866730769,4.689807692,3.850576923,3.432857143,#DIV/0!,98727,103700,119196
394368,299,"BattleCreek,MI",Msa,MI,5.866730769,4.689807692,3.850576923,3.432857143,121091,94472,102084,131352
394719,300,"Jamestown,NY",Msa,NY,5.866730769,4.689807692,3.850576923,3.432857143,76880,85321,86372,104332
394577,301,"Eureka,CA",Msa,CA,5.866730769,4.689807692,3.850576923,3.432857143,264470,251035,267873,327472
395013,302,"RapidCity,SD",Msa,SD,5.866730769,4.689807692,3.850576923,3.432857143,155846,170253,184474,225186
394595,303,"Flagstaff,AZ",Msa,AZ,5.866730769,4.689807692,3.850576923,3.432857143,284262,273892,286142,363422
394810,304,"Lumberton,NC",Msa,NC,5.866730769,4.689807692,3.850576923,3.432857143,#DIV/0!,#DIV/0!,65023,78369
395215,305,"Wausau,WI",Msa,WI,5.866730769,4.689807692,3.850576923,3.432857143,129344,138181,136804,173673
394756,306,"LaCrosse,WI",Msa,WI,5.866730769,4.689807692,3.850576923,3.432857143,141842,138370,148873,189395
394783,307,"Lebanon,PA",Msa,PA,5.866730769,4.689807692,3.850576923,3.432857143,148886,167610,160671,188240
394703,308,"IdahoFalls,ID",Msa,ID,5.866730769,4.689807692,3.850576923,3.432857143,142548,157579,158309,247635
395098,309,"SierraVista,AZ",Msa,AZ,5.866730769,4.689807692,3.850576923,3.432857143,#DIV/0!,#DIV/0!,130900,161996
394983,310,"Pittsfield,MA",Msa,MA,5.866730769,4.689807692,3.850576923,3.432857143,210813,209525,210056,236779
394780,311,"Lawton,OK",Msa,OK,5.866730769,4.689807692,3.850576923,3.432857143,66261,81253,86202,94668
394588,312,"Farmington,NM",Msa,NM,5.866730769,4.689807692,3.850576923,3.432857143,127886,127434,152979,177775
394712,313,"Jackson,TN",Msa,TN,5.866730769,4.689807692,3.850576923,3.432857143,102662,101486,98742,122674
394879,314,"Morgantown,WV",Msa,WV,5.866730769,4.689807692,3.850576923,3.432857143,119124,136844,150286,169770
394633,315,"GlensFalls,NY",Msa,NY,5.866730769,4.689807692,3.850576923,3.432857143,131976,159552,165202,186980
395232,316,"Winchester,VA",Msa,VA,5.866730769,4.689807692,3.850576923,3.432857143,231238,189425,207251,244700
395120,317,"St.Joseph,MO",Msa,MO,5.866730769,4.689807692,3.850576923,3.432857143,103071,99615,102428,119884
394321,318,"Altoona,PA",Msa,PA,5.866730769,4.689807692,3.850576923,3.432857143,81322,83313,97418,115243
394905,319,"NewBern,NC",Msa,NC,5.866730769,4.689807692,3.850576923,3.432857143,132892,147408,135074,160141
394442,320,"Carbondale,IL",Msa,IL,5.866730769,4.689807692,3.850576923,3.432857143,85335,84767,91343,101943
394802,321,"London,KY",Msa,KY,5.866730769,4.689807692,3.850576923,3.432857143,64750,74018,83520,101943
394800,322,"Logan,ID",Msa,UT,5.866730769,4.689807692,3.850576923,3.432857143,158771,179142,192514,280677
394668,323,"Harrisonburg,VA",Msa,VA,5.866730769,4.689807692,3.850576923,3.432857143,197620,181096,187338,220344
394374,324,"Beckley,WV",Msa,WV,5.866730769,4.689807692,3.850576923,3.432857143,69523,74491,78335,79853
394824,325,"Mansfield,OH",Msa,OH,5.866730769,4.689807692,3.850576923,3.432857143,103612,95673,85218,112384
395217,326,"Weirton,OH",Msa,OH,5.866730769,4.689807692,3.850576923,3.432857143,68957,66537,72210,85147
394635,327,"Goldsboro,NC",Msa,NC,5.866730769,4.689807692,3.850576923,3.432857143,118547,111677,115205,130039
394353,328,"Augusta,ME",Msa,ME,5.866730769,4.689807692,3.850576923,3.432857143,145113,142411,145218,175687
394661,329,"Hammond,LA",Msa,LA,5.866730769,4.689807692,3.850576923,3.432857143,127229,140959,141614,151207
394728,330,"Jonesboro,AR",Msa,AR,5.866730769,4.689807692,3.850576923,3.432857143,92489,100118,107953,128982
395094,331,"Sherman,TX",Msa,TX,5.866730769,4.689807692,3.850576923,3.432857143,126674,102160,122509,179152
394333,332,"Anniston,AL",Msa,AL,5.866730769,4.689807692,3.850576923,3.432857143,#DIV/0!,89919,87402,102797
395128,333,"Staunton,VA",Msa,VA,5.866730769,4.689807692,3.850576923,3.432857143,172093,170527,174634,203240
394893,334,"Muncie,IN",Msa,IN,5.866730769,4.689807692,3.850576923,3.432857143,#DIV/0!,#DIV/0!,76412,94464
394890,335,"MountVernon,WA",Msa,WA,5.866730769,4.689807692,3.850576923,3.432857143,238912,252984,263359,394419
394307,336,"Albany,OR",Msa,OR,5.866730769,4.689807692,3.850576923,3.432857143,154347,157868,181682,282986
395213,337,"Watertown,NY",Msa,NY,5.866730769,4.689807692,3.850576923,3.432857143,87027,121832,133444,143163
395225,338,"Williamsport,PA",Msa,PA,5.866730769,4.689807692,3.850576923,3.432857143,123965,127785,136410,160919
394474,339,"Cleveland,TN",Msa,TN,5.866730769,4.689807692,3.850576923,3.432857143,117196,125453,135289,172544
395089,340,"Sheboygan,WI",Msa,WI,5.866730769,4.689807692,3.850576923,3.432857143,142986,117093,112728,152965
394390,341,"Bismarck,ND",Msa,ND,5.866730769,4.689807692,3.850576923,3.432857143,150121,184243,269300,275099
394949,342,"Owensboro,KY",Msa,KY,5.866730769,4.689807692,3.850576923,3.432857143,96403,98560,103719,129749
394546,343,"Dunn,NC",Msa,NC,5.866730769,4.689807692,3.850576923,3.432857143,140726,151041,146657,174870
395237,344,"Wooster,OH",Msa,OH,5.866730769,4.689807692,3.850576923,3.432857143,140549,130775,136522,165866
394880,345,"Morristown,TN",Msa,TN,5.866730769,4.689807692,3.850576923,3.432857143,95551,115391,117268,150002
394734,346,"Kankakee,IL",Msa,IL,5.866730769,4.689807692,3.850576923,3.432857143,138581,130487,128314,148375
394423,347,"Brunswick,GA",Msa,GA,5.866730769,4.689807692,3.850576923,3.432857143,163220,157000,161070,197025
394932,348,"Ogdensburg,NY",Msa,NY,5.866730769,4.689807692,3.850576923,3.432857143,74412,76025,77410,85293
395054,349,"SanAngelo,TX",Msa,TX,5.866730769,4.689807692,3.850576923,3.432857143,#DIV/0!,85393,122051,148002
394857,350,"MichiganCity,IN",Msa,IN,5.866730769,4.689807692,3.850576923,3.432857143,117824,120558,125755,152399
753890,351,"Holland,MI",Msa,MI,5.866730769,4.689807692,3.850576923,3.432857143,173879,150530,162204,207105
395218,352,"Wenatchee,WA",Msa,WA,5.866730769,4.689807692,3.850576923,3.432857143,174452,206885,249624,357959
394778,353,"Lawrence,KS",Msa,KS,5.866730769,4.689807692,3.850576923,3.432857143,154701,164447,171813,223216
394524,354,"Decatur,IL",Msa,IL,5.866730769,4.689807692,3.850576923,3.432857143,#DIV/0!,93040,90317,88651
394867,355,"Missoula,MT",Msa,MT,5.866730769,4.689807692,3.850576923,3.432857143,230548,250668,267882,345020
753915,356,"Salem,OH",Msa,OH,5.866730769,4.689807692,3.850576923,3.432857143,87916,80114,83707,103931
394369,357,"BayCity,MI",Msa,MI,5.866730769,4.689807692,3.850576923,3.432857143,117630,90317,104507,126003
394788,358,"Lewiston,ME",Msa,ME,5.866730769,4.689807692,3.850576923,3.432857143,162402,152571,142776,184527
395039,359,"Roseburg,OR",Msa,OR,5.866730769,4.689807692,3.850576923,3.432857143,139976,134310,153623,211019
395139,360,"Sumter,SC",Msa,SC,5.866730769,4.689807692,3.850576923,3.432857143,92773,95250,101986,124431
394852,361,"Meridian,MS",Msa,MS,5.866730769,4.689807692,3.850576923,3.432857143,#DIV/0!,77859,85838,97819
395095,361,"ShowLow,AZ",Msa,AZ,5.866730769,4.689807692,3.850576923,3.432857143,139297,154439,169614,223920
394396,363,"Bluefield,WV",Msa,WV,5.866730769,4.689807692,3.850576923,3.432857143,63679,64408,69439,78934
394518,364,"Danville,VA",Msa,VA,5.866730769,4.689807692,3.850576923,3.432857143,98403,87972,91290,102556
394794,365,"Lima,OH",Msa,OH,5.866730769,4.689807692,3.850576923,3.432857143,99790,93236,87359,108365
394495,366,"Cookeville,TN",Msa,TN,5.866730769,4.689807692,3.850576923,3.432857143,105025,113906,119348,159249
753872,367,"California-LexingtonPark,MD",Msa,MD,5.866730769,4.689807692,3.850576923,3.432857143,303851,282433,269865,297517
394620,368,"Gadsden,AL",Msa,AL,5.866730769,4.689807692,3.850576923,3.432857143,80517,87866,83335,101849
394513,369,"Cumberland,MD",Msa,MD,5.866730769,4.689807692,3.850576923,3.432857143,97426,98095,86818,98839
394804,370,"Longview,WA",Msa,WA,5.866730769,4.689807692,3.850576923,3.432857143,158496,169045,185454,298377
395222,371,"Whitewater,WI",Msa,WI,5.866730769,4.689807692,3.850576923,3.432857143,209699,196491,180538,237761
394599,372,"FondduLac,WI",Msa,WI,5.866730769,4.689807692,3.850576923,3.432857143,106672,105618,115885,140500
394709,373,"Ithaca,NY",Msa,NY,5.866730769,4.689807692,3.850576923,3.432857143,156712,178985,198187,211883
394340,374,"Ashtabula,OH",Msa,OH,5.866730769,4.689807692,3.850576923,3.432857143,89823,88689,87979,111861
394630,375,"Gettysburg,PA",Msa,PA,5.866730769,4.689807692,3.850576923,3.432857143,176941,193361,188963,217666
394980,376,"PineBluff,AR",Msa,AR,5.866730769,4.689807692,3.850576923,3.432857143,53699,55961,56416,65216
395168,377,"Tullahoma,TN",Msa,TN,5.866730769,4.689807692,3.850576923,3.432857143,101321,110639,116229,155873
395023,378,"Richmond,KY",Msa,KY,5.866730769,4.689807692,3.850576923,3.432857143,124007,128505,132833,170890
394302,379,"Adrian,MI",Msa,MI,5.866730769,4.689807692,3.850576923,3.432857143,139533,109944,119495,158384
395173,380,"TwinFalls,ID",Msa,ID,5.866730769,4.689807692,3.850576923,3.432857143,131827,132372,151233,221020
394501,381,"Corning,NY",Msa,NY,5.866730769,4.689807692,3.850576923,3.432857143,82338,90528,94638,106783
395080,382,"Sebring,FL",Msa,FL,5.866730769,4.689807692,3.850576923,3.432857143,120720,105000,99920,144146
395166,383,"Truckee,CA",Msa,CA,5.866730769,4.689807692,3.850576923,3.432857143,479350,357644,390926,481787
394953,384,"Paducah,KY",Msa,KY,5.866730769,4.689807692,3.850576923,3.432857143,81605,75290,86358,102521
394637,385,"GrandForks,ND",Msa,ND,5.866730769,4.689807692,3.850576923,3.432857143,#DIV/0!,144996,176485,211645
395090,386,"Shelby,NC",Msa,NC,5.866730769,4.689807692,3.850576923,3.432857143,91813,92039,91821,108433
394580,387,"Fairbanks,AK",Msa,AK,5.866730769,4.689807692,3.850576923,3.432857143,193317,231764,224241,242446
394928,388,"OceanCity,NJ",Msa,NJ,5.866730769,4.689807692,3.850576923,3.432857143,391849,369799,347194,397202
394823,389,"Mankato,MN",Msa,MN,5.866730769,4.689807692,3.850576923,3.432857143,174868,150567,169792,217845
395038,390,"Rome,GA",Msa,GA,5.866730769,4.689807692,3.850576923,3.432857143,107391,94890,98807,133753
394441,391,"CapeGirardeau,MO",Msa,MO,5.866730769,4.689807692,3.850576923,3.432857143,120357,117013,125701,156597
394689,392,"HotSprings,AR",Msa,AR,5.866730769,4.689807692,3.850576923,3.432857143,112803,124967,126670,153793
394655,393,"Greenwood,SC",Msa,SC,5.866730769,4.689807692,3.850576923,3.432857143,85654,86648,92175,114919
395140,394,"Sunbury,PA",Msa,PA,5.866730769,4.689807692,3.850576923,3.432857143,77838,86350,92007,111916
394469,395,"Clarksburg,WV",Msa,WV,5.866730769,4.689807692,3.850576923,3.432857143,72957,76723,82017,100117
395190,396,"Victoria,TX",Msa,TX,5.866730769,4.689807692,3.850576923,3.432857143,#DIV/0!,#DIV/0!,#DIV/0!,157284
395145,397,"Talladega,AL",Msa,AL,5.866730769,4.689807692,3.850576923,3.432857143,89919,93089,90658,105690
394542,398,"Dubuque,IA",Msa,IA,5.866730769,4.689807692,3.850576923,3.432857143,135521,143044,159689,183730
395153,399,"TheVillages,FL",Msa,FL,5.866730769,4.689807692,3.850576923,3.432857143,197579,196879,244601,287287
394311,400,"Albertville,AL",Msa,AL,5.866730769,4.689807692,3.850576923,3.432857143,89058,95759,102230,129713
394821,401,"Manhattan,KS",Msa,KS,5.866730769,4.689807692,3.850576923,3.432857143,141989,154540,171113,201305
394964,402,"Parkersburg,WV",Msa,WV,5.866730769,4.689807692,3.850576923,3.432857143,85287,88650,93233,109960
394911,403,"NewPhiladelphia,OH",Msa,OH,5.866730769,4.689807692,3.850576923,3.432857143,#DIV/0!,99942,108227,126276
394942,404,"Orangeburg,SC",Msa,SC,5.866730769,4.689807692,3.850576923,3.432857143,83148,83727,84752,97805
394462,405,"Cheyenne,WY",Msa,WY,5.866730769,4.689807692,3.850576923,3.432857143,174044,200718,227823,293396
394907,406,"NewCastle,PA",Msa,PA,5.866730769,4.689807692,3.850576923,3.432857143,96470,89859,87595,106246
394410,407,"Brainerd,MN",Msa,MN,5.866730769,4.689807692,3.850576923,3.432857143,166594,148062,160138,209176
394733,408,"Kalispell,MT",Msa,MT,5.866730769,4.689807692,3.850576923,3.432857143,236345,239782,272191,353799
395086,409,"Sevierville,TN",Msa,TN,5.866730769,4.689807692,3.850576923,3.432857143,164559,162495,165881,232727
394325,410,"Ames,IA",Msa,IA,5.866730769,4.689807692,3.850576923,3.432857143,157886,162625,181526,208706
394407,411,"Bozeman,MT",Msa,MT,5.866730769,4.689807692,3.850576923,3.432857143,247921,279841,312554,454952
394882,412,"MosesLake,WA",Msa,WA,5.866730769,4.689807692,3.850576923,3.432857143,136128,141734,164503,227591
394704,413,"Indiana,PA",Msa,PA,5.866730769,4.689807692,3.850576923,3.432857143,90067,95810,104549,127698
394568,414,"Elmira,NY",Msa,NY,5.866730769,4.689807692,3.850576923,3.432857143,82327,89714,93893,101846
394847,415,"Meadville,PA",Msa,PA,5.866730769,4.689807692,3.850576923,3.432857143,87190,85380,89245,106826
394373,416,"BeaverDam,WI",Msa,WI,5.866730769,4.689807692,3.850576923,3.432857143,125506,120752,120669,169104
753912,417,"Pinehurst-SouthernPines,NC",Msa,NC,5.866730769,4.689807692,3.850576923,3.432857143,177036,192186,192665,227797
395175,418,"Ukiah,CA",Msa,CA,5.866730769,4.689807692,3.850576923,3.432857143,331213,297071,355279,394490
753887,419,"Hermiston-Pendleton,OR",Msa,OR,5.866730769,4.689807692,3.850576923,3.432857143,121363,115937,143027,200839
394809,420,"Lufkin,TX",Msa,TX,5.866730769,4.689807692,3.850576923,3.432857143,72786,78365,97592,127605
395248,421,"Zanesville,OH",Msa,OH,5.866730769,4.689807692,3.850576923,3.432857143,91148,91901,96909,123696
394505,422,"Corvallis,OR",Msa,OR,5.866730769,4.689807692,3.850576923,3.432857143,235746,256196,284556,385873
394395,423,"Bloomsburg,PA",Msa,PA,5.866730769,4.689807692,3.850576923,3.432857143,120381,126838,135374,165457
394776,424,"Laurel,MS",Msa,MS,5.866730769,4.689807692,3.850576923,3.432857143,#DIV/0!,86168,88520,100567
395042,425,"Russellville,AR",Msa,AR,5.866730769,4.689807692,3.850576923,3.432857143,80603,86236,92265,114769
394411,426,"Branson,MO",Msa,MO,5.866730769,4.689807692,3.850576923,3.432857143,132452,131564,134291,163612
395212,427,"Watertown,WI",Msa,WI,5.866730769,4.689807692,3.850576923,3.432857143,155026,151979,173117,225844
394859,428,"Midland,MI",Msa,MI,5.866730769,4.689807692,3.850576923,3.432857143,129459,110985,123950,142829
394941,429,"Opelousas,LA",Msa,LA,5.866730769,4.689807692,3.850576923,3.432857143,75496,94581,114583,121106
394988,430,"Pocatello,ID",Msa,ID,5.866730769,4.689807692,3.850576923,3.432857143,129066,131353,135735,202426
394755,431,"Kokomo,IN",Msa,IN,5.866730769,4.689807692,3.850576923,3.432857143,91915,87745,89160,116402
394641,432,"GrantsPass,OR",Msa,OR,5.866730769,4.689807692,3.850576923,3.432857143,246180,206401,223701,303140
394699,433,"Huntsville,TX",Msa,TX,5.866730769,4.689807692,3.850576923,3.432857143,101454,113668,136796,176409
394986,434,"Plattsburgh,NY",Msa,NY,5.866730769,4.689807692,3.850576923,3.432857143,133052,144684,146863,142520
394638,435,"GrandIsland,NE",Msa,NE,5.866730769,4.689807692,3.850576923,3.432857143,103767,109762,127543,164748
394541,436,"DuBois,PA",Msa,PA,5.866730769,4.689807692,3.850576923,3.432857143,74551,78753,84333,100771
394516,437,"Danville,IL",Msa,IL,5.866730769,4.689807692,3.850576923,3.432857143,64572,60331,61430,68388
394822,438,"Manitowoc,WI",Msa,WI,5.866730769,4.689807692,3.850576923,3.432857143,107183,101172,99146,122650
394644,439,"GreatFalls,MT",Msa,MT,5.866730769,4.689807692,3.850576923,3.432857143,#DIV/0!,161985,169755,198551
395231,440,"Wilson,NC",Msa,NC,5.866730769,4.689807692,3.850576923,3.432857143,103325,104016,103757,123920
394511,441,"Cullman,AL",Msa,AL,5.866730769,4.689807692,3.850576923,3.432857143,99942,107311,110195,137528
394936,442,"Olean,NY",Msa,NY,5.866730769,4.689807692,3.850576923,3.432857143,92744,94828,78255,85074
394350,443,"Auburn,NY",Msa,NY,5.866730769,4.689807692,3.850576923,3.432857143,105583,116083,113344,133825
394999,444,"Portsmouth,OH",Msa,OH,5.866730769,4.689807692,3.850576923,3.432857143,#DIV/0!,69249,70987,84709
394345,445,"Athens,TX",Msa,TX,5.866730769,4.689807692,3.850576923,3.432857143,94713,104091,120957,154395
394925,446,"OakHarbor,WA",Msa,WA,5.866730769,4.689807692,3.850576923,3.432857143,280599,297962,314575,436317
394465,447,"Chillicothe,OH",Msa,OH,5.866730769,4.689807692,3.850576923,3.432857143,96693,91865,99109,126528
394682,448,"Hinesville,GA",Msa,GA,5.866730769,4.689807692,3.850576923,3.432857143,111369,112208,121720,153318
395106,449,"Somerset,PA",Msa,PA,5.866730769,4.689807692,3.850576923,3.432857143,85966,90694,93646,110333
395205,450,"Warsaw,IN",Msa,IN,5.866730769,4.689807692,3.850576923,3.432857143,145447,139824,146167,184672
395133,451,"Stillwater,OK",Msa,OK,5.866730769,4.689807692,3.850576923,3.432857143,102297,114696,127690,151706
395010,452,"Quincy,IL",Msa,IL,5.866730769,4.689807692,3.850576923,3.432857143,91981,89045,98924,121871
394738,453,"Keene,NH",Msa,NH,5.866730769,4.689807692,3.850576923,3.432857143,179271,175859,184842,216917
395062,454,"Sandusky,OH",Msa,OH,5.866730769,4.689807692,3.850576923,3.432857143,131757,123359,118836,141617
395077,455,"Searcy,AR",Msa,AR,5.866730769,4.689807692,3.850576923,3.432857143,90851,101176,107627,120185
394489,456,"Columbus,IN",Msa,IN,5.866730769,4.689807692,3.850576923,3.432857143,125766,124514,139499,174567
395027,457,"RoanokeRapids,NC",Msa,NC,5.866730769,4.689807692,3.850576923,3.432857143,64399,62783,60347,68382
394452,458,"Centralia,WA",Msa,WA,5.866730769,4.689807692,3.850576923,3.432857143,151058,162019,173204,262424
394445,459,"Casper,WY",Msa,WY,5.866730769,4.689807692,3.850576923,3.432857143,#DIV/0!,175679,206966,212276
394675,460,"Helena,MT",Msa,MT,5.866730769,4.689807692,3.850576923,3.432857143,173344,202330,229061,287727
394593,461,"Findlay,OH",Msa,OH,5.866730769,4.689807692,3.850576923,3.432857143,133662,126090,122449,156445
753928,462,"WisconsinRapids-Marshfield,WI",Msa,WI,5.866730769,4.689807692,3.850576923,3.432857143,100704,103203,105248,130799
394955,463,"Palatka,FL",Msa,FL,5.866730769,4.689807692,3.850576923,3.432857143,77716,74240,90383,129248
395085,464,"Seneca,SC",Msa,SC,5.866730769,4.689807692,3.850576923,3.432857143,#DIV/0!,142422,140104,172755
394884,465,"MountAiry,NC",Msa,NC,5.866730769,4.689807692,3.850576923,3.432857143,97799,103334,109685,133774
753881,466,"GlenwoodSprings,CO",Msa,CO,5.866730769,4.689807692,3.850576923,3.432857143,245276,314760,437540,539871
394744,467,"KeyWest,FL",Msa,FL,5.866730769,4.689807692,3.850576923,3.432857143,#DIV/0!,#DIV/0!,526409,622512
394298,468,"Aberdeen,WA",Msa,WA,5.866730769,4.689807692,3.850576923,3.432857143,109469,113587,127583,203732
394626,469,"Gallup,NM",Msa,NM,5.866730769,4.689807692,3.850576923,3.432857143,#DIV/0!,147367,145689,167709
394994,470,"PortAngeles,WA",Msa,WA,5.866730769,4.689807692,3.850576923,3.432857143,200145,204524,220287,318223
753883,471,"GreenfieldTown,MA",Msa,MA,5.866730769,4.689807692,3.850576923,3.432857143,197616,200265,205845,222681
394897,473,"Muskogee,OK",Msa,OK,5.866730769,4.689807692,3.850576923,3.432857143,61228,67516,70697,80439
394614,474,"Frankfort,KY",Msa,KY,5.866730769,4.689807692,3.850576923,3.432857143,125644,131654,133136,155062
394950,475,"Owosso,MI",Msa,MI,5.866730769,4.689807692,3.850576923,3.432857143,116150,86190,91679,119553
394885,476,"MountPleasant,MI",Msa,MI,5.866730769,4.689807692,3.850576923,3.432857143,#DIV/0!,97483,114885,143566
395126,477,"Statesboro,GA",Msa,GA,5.866730769,4.689807692,3.850576923,3.432857143,110403,117296,125122,159476
394826,478,"Marion,IN",Msa,IN,5.866730769,4.689807692,3.850576923,3.432857143,85509,73195,72481,87224
395132,479,"StevensPoint,WI",Msa,WI,5.866730769,4.689807692,3.850576923,3.432857143,#DIV/0!,138856,145552,185405
394866,480,"Minot,ND",Msa,ND,5.866730769,4.689807692,3.850576923,3.432857143,85157,105421,158739,160858
395088,481,"Shawnee,OK",Msa,OK,5.866730769,4.689807692,3.850576923,3.432857143,76155,82962,86612,100090
394922,482,"NorthWilkesboro,NC",Msa,NC,5.866730769,4.689807692,3.850576923,3.432857143,107188,110247,106849,135197
395021,483,"Richmond,IN",Msa,IN,5.866730769,4.689807692,3.850576923,3.432857143,90498,87552,90132,103449
394647,484,"Greeneville,TN",Msa,TN,5.866730769,4.689807692,3.850576923,3.432857143,87496,91181,95220,119067
394836,485,"Martinsville,VA",Msa,VA,5.866730769,4.689807692,3.850576923,3.432857143,73640,62026,64730,71269
394600,486,"ForestCity,NC",Msa,NC,5.866730769,4.689807692,3.850576923,3.432857143,93799,101367,101323,126447
394764,487,"LakeCity,FL",Msa,FL,5.866730769,4.689807692,3.850576923,3.432857143,98275,94587,118394,152801
394736,488,"Kapaa,HI",Msa,HI,5.866730769,4.689807692,3.850576923,3.432857143,445066,452656,500743,616664
394829,489,"Marquette,MI",Msa,MI,5.866730769,4.689807692,3.850576923,3.432857143,114955,111152,134739,168492
394762,490,"LaGrange,GA",Msa,GA,5.866730769,4.689807692,3.850576923,3.432857143,101848,94001,102683,125458
394827,491,"Marion,OH",Msa,OH,5.866730769,4.689807692,3.850576923,3.432857143,88334,83238,83655,101847
394877,492,"MoreheadCity,NC",Msa,NC,5.866730769,4.689807692,3.850576923,3.432857143,229702,255233,238275,277468
394752,493,"KlamathFalls,OR",Msa,OR,5.866730769,4.689807692,3.850576923,3.432857143,#DIV/0!,#DIV/0!,#DIV/0!,190365
394825,494,"Marinette,WI",Msa,WI,5.866730769,4.689807692,3.850576923,3.432857143,85357,79053,83052,103371
395040,495,"Roswell,NM",Msa,NM,5.866730769,4.689807692,3.850576923,3.432857143,65418,73939,80791,102572
394832,496,"Marshall,TX",Msa,TX,5.866730769,4.689807692,3.850576923,3.432857143,90895,99170,117056,137272
394587,497,"Farmington,MO",Msa,MO,5.866730769,4.689807692,3.850576923,3.432857143,#DIV/0!,92778,91674,117086
394456,498,"Charleston,IL",Msa,IL,5.866730769,4.689807692,3.850576923,3.432857143,78486,72170,77618,89350
394343,499,"Athens,OH",Msa,OH,5.866730769,4.689807692,3.850576923,3.432857143,90849,84563,91806,117655
394683,500,"Hobbs,NM",Msa,NM,5.866730769,4.689807692,3.850576923,3.432857143,#DIV/0!,111621,134871,164954
394472,501,"Clearlake,CA",Msa,CA,5.866730769,4.689807692,3.850576923,3.432857143,210916,156535,189370,251994
394899,502,"Nacogdoches,TX",Msa,TX,5.866730769,4.689807692,3.850576923,3.432857143,101224,107250,127444,154991
394701,503,"Hutchinson,KS",Msa,KS,5.866730769,4.689807692,3.850576923,3.432857143,#DIV/0!,81968,87723,101745
394586,504,"Faribault,MN",Msa,MN,5.866730769,4.689807692,3.850576923,3.432857143,207280,172437,185665,250221
394562,505,"ElizabethCity,NC",Msa,NC,5.866730769,4.689807692,3.850576923,3.432857143,157137,179303,166388,173812
753891,506,"Ionia,MI",Msa,MI,5.866730769,4.689807692,3.850576923,3.432857143,116886,90515,105483,148237
394305,507,"Alamogordo,NM",Msa,NM,5.866730769,4.689807692,3.850576923,3.432857143,#DIV/0!,#DIV/0!,111102,133815
395016,508,"RedBluff,CA",Msa,CA,5.866730769,4.689807692,3.850576923,3.432857143,#DIV/0!,166657,205576,240198
394693,509,"Hudson,NY",Msa,NY,5.866730769,4.689807692,3.850576923,3.432857143,188102,198200,212481,254202
395105,510,"Somerset,KY",Msa,KY,5.866730769,4.689807692,3.850576923,3.432857143,93834,100946,117815,145112
394496,511,"CoosBay,OR",Msa,OR,5.866730769,4.689807692,3.850576923,3.432857143,149205,153384,176858,227197
395199,512,"WallaWalla,WA",Msa,WA,5.866730769,4.689807692,3.850576923,3.432857143,160023,166144,194633,275895
395071,513,"Sayre,PA",Msa,PA,5.866730769,4.689807692,3.850576923,3.432857143,81809,89386,113726,138138
394939,514,"Oneonta,NY",Msa,NY,5.866730769,4.689807692,3.850576923,3.432857143,100586,118811,129316,155236
394605,515,"FortMadison,IA",Msa,IA,5.866730769,4.689807692,3.850576923,3.432857143,68358,71776,78344,91473
394360,516,"Baraboo,WI",Msa,WI,5.866730769,4.689807692,3.850576923,3.432857143,165321,162143,162695,208274
753903,517,"Marietta,OH",Msa,OH,5.866730769,4.689807692,3.850576923,3.432857143,97197,90886,98157,127409
395049,518,"Salina,KS",Msa,KS,5.866730769,4.689807692,3.850576923,3.432857143,#DIV/0!,99314,107138,127269
395044,519,"Rutland,VT",Msa,VT,5.866730769,4.689807692,3.850576923,3.432857143,152667,181422,171691,185130
753866,520,"BigStoneGap,VA",Msa,VA,5.866730769,4.689807692,3.850576923,3.432857143,68753,65553,69081,76660
395136,521,"Sturgis,MI",Msa,MI,5.866730769,4.689807692,3.850576923,3.432857143,98735,85052,102039,135465
395024,522,"RioGrandeCity,TX",Msa,TX,5.866730769,4.689807692,3.850576923,3.432857143,54795,51175,55429,59435
394618,523,"Fremont,OH",Msa,OH,5.866730769,4.689807692,3.850576923,3.432857143,105688,94550,97366,123539
394889,524,"MountVernon,OH",Msa,OH,5.866730769,4.689807692,3.850576923,3.432857143,93475,89539,99163,149416
394787,525,"Lewiston,ID",Msa,ID,5.866730769,4.689807692,3.850576923,3.432857143,140245,145675,173345,251185
395092,526,"Shelton,WA",Msa,WA,5.866730769,4.689807692,3.850576923,3.432857143,180901,198575,214352,305483
394309,527,"Albemarle,NC",Msa,NC,5.866730769,4.689807692,3.850576923,3.432857143,114794,120773,120944,152530
394570,528,"Enid,OK",Msa,OK,5.866730769,4.689807692,3.850576923,3.432857143,59533,70568,77420,90552
753893,529,"Jefferson,GA",Msa,GA,5.866730769,4.689807692,3.850576923,3.432857143,162420,156568,163163,231427
394629,530,"Georgetown,SC",Msa,SC,5.866730769,4.689807692,3.850576923,3.432857143,#DIV/0!,205507,217891,264046
394759,531,"Laconia,NH",Msa,NH,5.866730769,4.689807692,3.850576923,3.432857143,223939,208258,215143,277030
394365,532,"Batavia,NY",Msa,NY,5.866730769,4.689807692,3.850576923,3.432857143,115181,100782,103730,133669
753910,533,"Oxford,NC",Msa,NC,5.866730769,4.689807692,3.850576923,3.432857143,148333,146001,145006,186567
394490,534,"Columbus,MS",Msa,MS,5.866730769,4.689807692,3.850576923,3.432857143,#DIV/0!,105426,104802,115589
394923,535,"Norwalk,OH",Msa,OH,5.866730769,4.689807692,3.850576923,3.432857143,107287,99228,92742,116327
394362,536,"Barre,VT",Msa,VT,5.866730769,4.689807692,3.850576923,3.432857143,152406,176690,178703,222412
394750,537,"Kinston,NC",Msa,NC,5.866730769,4.689807692,3.850576923,3.432857143,78452,77984,78898,92259
395131,538,"Sterling,IL",Msa,IL,5.866730769,4.689807692,3.850576923,3.432857143,95552,90011,96011,109741
394956,539,"Palestine,TX",Msa,TX,5.866730769,4.689807692,3.850576923,3.432857143,70839,79955,92363,107498
394540,540,"Dublin,GA",Msa,GA,5.866730769,4.689807692,3.850576923,3.432857143,81159,75252,81358,105957
395189,541,"Vicksburg,MS",Msa,MS,5.866730769,4.689807692,3.850576923,3.432857143,#DIV/0!,100585,103824,118508
394989,542,"PointPleasant,WV",Msa,WV,5.866730769,4.689807692,3.850576923,3.432857143,71812,71117,77094,93257
395063,543,"Sanford,NC",Msa,NC,5.866730769,4.689807692,3.850576923,3.432857143,125426,121059,119925,146591
394591,544,"FergusFalls,MN",Msa,MN,5.866730769,4.689807692,3.850576923,3.432857143,#DIV/0!,167813,190331,241797
395157,545,"Tiffin,OH",Msa,OH,5.866730769,4.689807692,3.850576923,3.432857143,93364,86281,89011,109802
394582,546,"Fairmont,WV",Msa,WV,5.866730769,4.689807692,3.850576923,3.432857143,74246,82486,88748,107404
394509,547,"Crossville,TN",Msa,TN,5.866730769,4.689807692,3.850576923,3.432857143,122475,144823,131010,165080
394977,548,"Picayune,MS",Msa,MS,5.866730769,4.689807692,3.850576923,3.432857143,#DIV/0!,129592,127539,140185
394634,549,"Gloversville,NY",Msa,NY,5.866730769,4.689807692,3.850576923,3.432857143,91283,98902,105986,128849
753920,550,"Sonora,CA",Msa,CA,5.866730769,4.689807692,3.850576923,3.432857143,#DIV/0!,#DIV/0!,#DIV/0!,295800
394621,551,"Gaffney,SC",Msa,SC,5.866730769,4.689807692,3.850576923,3.432857143,58875,62691,63925,83300
394444,552,"CarsonCity,NV",Msa,NV,5.866730769,4.689807692,3.850576923,3.432857143,300441,171516,223704,343961
394432,553,"Calhoun,GA",Msa,GA,5.866730769,4.689807692,3.850576923,3.432857143,112771,106822,112343,147205
394861,554,"Milledgeville,GA",Msa,GA,5.866730769,4.689807692,3.850576923,3.432857143,111576,105063,108375,131908
395216,555,"Waycross,GA",Msa,GA,5.866730769,4.689807692,3.850576923,3.432857143,72255,69917,76103,97666
394933,556,"OilCity,PA",Msa,PA,5.866730769,4.689807692,3.850576923,3.432857143,65013,64690,69259,86141
394721,557,"Jasper,IN",Msa,IN,5.866730769,4.689807692,3.850576923,3.432857143,106629,107067,119909,153541
394878,558,"MorganCity,LA",Msa,LA,5.866730769,4.689807692,3.850576923,3.432857143,#DIV/0!,#DIV/0!,101100,117016
394551,559,"EaglePass,TX",Msa,TX,5.866730769,4.689807692,3.850576923,3.432857143,82068,87426,109860,138133
394940,560,"Ontario,OR",Msa,OR,5.866730769,4.689807692,3.850576923,3.432857143,123292,122989,136753,194792
394967,562,"Payson,AZ",Msa,AZ,5.866730769,4.689807692,3.850576923,3.432857143,138542,148040,184815,241061
394844,563,"McComb,MS",Msa,MS,5.866730769,4.689807692,3.850576923,3.432857143,80200,90361,91878,105118
395029,564,"Rochelle,IL",Msa,IL,5.866730769,4.689807692,3.850576923,3.432857143,129020,119934,121571,134925
395073,565,"Scottsboro,AL",Msa,AL,5.866730769,4.689807692,3.850576923,3.432857143,83420,91171,94412,111811
394517,566,"Danville,KY",Msa,KY,5.866730769,4.689807692,3.850576923,3.432857143,95070,97110,98312,119881
394339,567,"Ashland,OH",Msa,OH,5.866730769,4.689807692,3.850576923,3.432857143,120440,112876,114747,143827
394903,568,"Natchez,MS",Msa,MS,5.866730769,4.689807692,3.850576923,3.432857143,69986,79645,88892,94414
394652,569,"Greenville,OH",Msa,OH,5.866730769,4.689807692,3.850576923,3.432857143,102876,99574,109337,129885
394625,570,"Galesburg,IL",Msa,IL,5.866730769,4.689807692,3.850576923,3.432857143,64036,60294,65383,78954
395204,571,"Warrensburg,MO",Msa,MO,5.866730769,4.689807692,3.850576923,3.432857143,129589,131375,139186,175473
394737,572,"Kearney,NE",Msa,NE,5.866730769,4.689807692,3.850576923,3.432857143,133003,130651,153248,204473
394608,573,"FortPolkSouth,LA",Msa,LA,5.866730769,4.689807692,3.850576923,3.432857143,#DIV/0!,104077,128318,141386
394604,574,"FortLeonardWood,MO",Msa,MO,5.866730769,4.689807692,3.850576923,3.432857143,134527,141610,142828,156147
394632,575,"Glasgow,KY",Msa,KY,5.866730769,4.689807692,3.850576923,3.432857143,83919,84503,91131,112159
394344,576,"Athens,TN",Msa,TN,5.866730769,4.689807692,3.850576923,3.432857143,#DIV/0!,97920,107578,138149
394556,577,"Edwards,CO",Msa,CO,5.866730769,4.689807692,3.850576923,3.432857143,478380,610972,617794,770348
394592,578,"Fernley,NV",Msa,NV,5.866730769,4.689807692,3.850576923,3.432857143,242770,140218,176662,287928
394838,579,"MasonCity,IA",Msa,IA,5.866730769,4.689807692,3.850576923,3.432857143,91021,98063,102797,121226
394819,580,"Malone,NY",Msa,NY,5.866730769,4.689807692,3.850576923,3.432857143,82619,79090,87543,111635
395234,581,"Winona,MN",Msa,MN,5.866730769,4.689807692,3.850576923,3.432857143,#DIV/0!,138401,156598,194661
394547,582,"Durango,CO",Msa,CO,5.866730769,4.689807692,3.850576923,3.432857143,304585,335819,382624,429307
394985,583,"Platteville,WI",Msa,WI,5.866730769,4.689807692,3.850576923,3.432857143,103208,101288,108863,140362
394650,584,"Greenville,MS",Msa,MS,5.866730769,4.689807692,3.850576923,3.432857143,#DIV/0!,#DIV/0!,130252,133117
394402,585,"Boone,NC",Msa,NC,5.866730769,4.689807692,3.850576923,3.432857143,212866,248270,240806,279077
394363,586,"Bartlesville,OK",Msa,OK,5.866730769,4.689807692,3.850576923,3.432857143,84394,92148,97081,105201
394717,587,"Jacksonville,TX",Msa,TX,5.866730769,4.689807692,3.850576923,3.432857143,82044,87334,101348,123294
394566,588,"Elko,NV",Msa,NV,5.866730769,4.689807692,3.850576923,3.432857143,181318,138825,219577,305472
395020,589,"Rexburg,ID",Msa,ID,5.866730769,4.689807692,3.850576923,3.432857143,157068,155374,177709,264227
395122,590,"St.Marys,GA",Msa,GA,5.866730769,4.689807692,3.850576923,3.432857143,134790,142528,148896,176006
753911,591,"Ozark,AL",Msa,AL,5.866730769,4.689807692,3.850576923,3.432857143,79885,88481,83976,94840
394326,592,"Amsterdam,NY",Msa,NY,5.866730769,4.689807692,3.850576923,3.432857143,91991,91683,97972,118616
394571,593,"Enterprise,AL",Msa,AL,5.866730769,4.689807692,3.850576923,3.432857143,#DIV/0!,123989,113384,126704
394963,594,"Paris,TX",Msa,TX,5.866730769,4.689807692,3.850576923,3.432857143,71226,73391,86545,111285
394742,595,"Kerrville,TX",Msa,TX,5.866730769,4.689807692,3.850576923,3.432857143,144463,160872,187728,234782
394906,596,"NewCastle,IN",Msa,IN,5.866730769,4.689807692,3.850576923,3.432857143,86541,81212,79973,98158
395097,597,"Sidney,OH",Msa,OH,5.866730769,4.689807692,3.850576923,3.432857143,107268,108185,116173,146678
394504,598,"Cortland,NY",Msa,NY,5.866730769,4.689807692,3.850576923,3.432857143,90087,96600,104451,132430
394477,599,"Clinton,IA",Msa,IA,5.866730769,4.689807692,3.850576923,3.432857143,105914,111491,123674,145013
394527,600,"DelRio,TX",Msa,TX,5.866730769,4.689807692,3.850576923,3.432857143,80153,87407,103385,125695
394478,601,"Clovis,NM",Msa,NM,5.866730769,4.689807692,3.850576923,3.432857143,#DIV/0!,#DIV/0!,142020,161128
394919,602,"Norfolk,NE",Msa,NE,5.866730769,4.689807692,3.850576923,3.432857143,99379,101382,117877,158675
395208,603,"Washington,NC",Msa,NC,5.866730769,4.689807692,3.850576923,3.432857143,123258,125818,118326,140664
394503,604,"Corsicana,TX",Msa,TX,5.866730769,4.689807692,3.850576923,3.432857143,70810,78572,89435,112126
394616,605,"Freeport,IL",Msa,IL,5.866730769,4.689807692,3.850576923,3.432857143,76982,63515,60480,64868
395124,606,"Starkville,MS",Msa,MS,5.866730769,4.689807692,3.850576923,3.432857143,132403,145301,162180,177745
394427,607,"Burlington,IA",Msa,IA,5.866730769,4.689807692,3.850576923,3.432857143,73736,81391,87201,100989
394431,608,"Cadillac,MI",Msa,MI,5.866730769,4.689807692,3.850576923,3.432857143,98240,83846,92623,122834
394336,609,"Ardmore,OK",Msa,OK,5.866730769,4.689807692,3.850576923,3.432857143,60664,69004,80077,96106
394739,610,"Kendallville,IN",Msa,IN,5.866730769,4.689807692,3.850576923,3.432857143,#DIV/0!,105602,107434,140886
394918,611,"Nogales,AZ",Msa,AZ,5.866730769,4.689807692,3.850576923,3.432857143,125237,103814,127868,165582
394951,612,"Oxford,MS",Msa,MS,5.866730769,4.689807692,3.850576923,3.432857143,137358,155682,162055,194884
394398,613,"Bogalusa,LA",Msa,LA,5.866730769,4.689807692,3.850576923,3.432857143,#DIV/0!,86331,95530,102875
394987,614,"Plymouth,IN",Msa,IN,5.866730769,4.689807692,3.850576923,3.432857143,119845,122109,130240,157050
394628,615,"GardnervilleRanchos,NV",Msa,NV,5.866730769,4.689807692,3.850576923,3.432857143,391315,245360,326911,468935
395144,616,"Tahlequah,OK",Msa,OK,5.866730769,4.689807692,3.850576923,3.432857143,87232,91912,96844,108692
394817,617,"Madisonville,KY",Msa,KY,5.866730769,4.689807692,3.850576923,3.432857143,74151,78166,79940,96646
394437,618,"CaonCity,CO",Msa,CO,5.866730769,4.689807692,3.850576923,3.432857143,#DIV/0!,#DIV/0!,181501,241987
395043,619,"Ruston,LA",Msa,LA,5.866730769,4.689807692,3.850576923,3.432857143,105157,119744,128066,151253
753889,620,"Hillsdale,MI",Msa,MI,5.866730769,4.689807692,3.850576923,3.432857143,113665,89208,107534,139802
394789,621,"Lewistown,PA",Msa,PA,5.866730769,4.689807692,3.850576923,3.432857143,#DIV/0!,80450,84539,104648
395034,622,"Rockingham,NC",Msa,NC,5.866730769,4.689807692,3.850576923,3.432857143,53067,57061,59263,74985
394990,623,"PoncaCity,OK",Msa,OK,5.866730769,4.689807692,3.850576923,3.432857143,46786,53364,57941,66909
394397,624,"Blytheville,AR",Msa,AR,5.866730769,4.689807692,3.850576923,3.432857143,44565,46212,43592,55020
395017,625,"RedWing,MN",Msa,MN,5.866730769,4.689807692,3.850576923,3.432857143,172415,154975,152006,203818
753918,626,"Shawano,WI",Msa,WI,5.866730769,4.689807692,3.850576923,3.432857143,140017,137005,134231,166650
394446,627,"CedarCity,UT",Msa,UT,5.866730769,4.689807692,3.850576923,3.432857143,149971,168524,186604,243108
394375,628,"Bedford,IN",Msa,IN,5.866730769,4.689807692,3.850576923,3.432857143,#DIV/0!,83269,87299,113754
394631,629,"Gillette,WY",Msa,WY,5.866730769,4.689807692,3.850576923,3.432857143,190764,238091,255480,279129
753905,630,"Newport,OR",Msa,OR,5.866730769,4.689807692,3.850576923,3.432857143,171838,202178,237190,313798
395201,631,"Wapakoneta,OH",Msa,OH,5.866730769,4.689807692,3.850576923,3.432857143,#DIV/0!,104443,110573,142462
394695,632,"Huntingdon,PA",Msa,PA,5.866730769,4.689807692,3.850576923,3.432857143,79916,94551,100170,121405
394377,633,"Bellefontaine,OH",Msa,OH,5.866730769,4.689807692,3.850576923,3.432857143,117120,107966,112981,147888
394842,634,"McAlester,OK",Msa,OK,5.866730769,4.689807692,3.850576923,3.432857143,57290,73518,75223,84853
394391,635,"Blackfoot,ID",Msa,ID,5.866730769,4.689807692,3.850576923,3.432857143,#DIV/0!,121169,136473,207836
394883,636,"Moultrie,GA",Msa,GA,5.866730769,4.689807692,3.850576923,3.432857143,67798,65174,73704,93801
394677,637,"Henderson,NC",Msa,NC,5.866730769,4.689807692,3.850576923,3.432857143,74987,74389,70753,84696
394482,638,"Coldwater,MI",Msa,MI,5.866730769,4.689807692,3.850576923,3.432857143,104337,83062,98070,126611
394667,639,"Harrison,AR",Msa,AR,5.866730769,4.689807692,3.850576923,3.432857143,93565,95267,99613,121037
395037,640,"Rolla,MO",Msa,MO,5.866730769,4.689807692,3.850576923,3.432857143,#DIV/0!,#DIV/0!,122924,143336
395091,641,"Shelbyville,TN",Msa,TN,5.866730769,4.689807692,3.850576923,3.432857143,143445,120590,127382,179002
394545,643,"Duncan,OK",Msa,OK,5.866730769,4.689807692,3.850576923,3.432857143,54895,64283,73470,87589
753904,644,"Marion,NC",Msa,NC,5.866730769,4.689807692,3.850576923,3.432857143,#DIV/0!,#DIV/0!,122804,158363
394785,645,"Lewisburg,PA",Msa,PA,5.866730769,4.689807692,3.850576923,3.432857143,#DIV/0!,147178,155446,186950
395008,646,"Pullman,WA",Msa,WA,5.866730769,4.689807692,3.850576923,3.432857143,158596,158634,198725,283849
395155,647,"Thomasville,GA",Msa,GA,5.866730769,4.689807692,3.850576923,3.432857143,112682,109529,116101,142617
394379,648,"Bemidji,MN",Msa,MN,5.866730769,4.689807692,3.850576923,3.432857143,#DIV/0!,124954,143856,182687
394887,649,"MountSterling,KY",Msa,KY,5.866730769,4.689807692,3.850576923,3.432857143,89971,92217,93022,113427
394947,650,"Ottumwa,IA",Msa,IA,5.866730769,4.689807692,3.850576923,3.432857143,62726,68643,76328,86870
394954,651,"Pahrump,NV",Msa,NV,5.866730769,4.689807692,3.850576923,3.432857143,222362,137144,174057,247834
394850,652,"Menomonie,WI",Msa,WI,5.866730769,4.689807692,3.850576923,3.432857143,149155,141969,139132,177964
395083,653,"Selma,AL",Msa,AL,5.866730769,4.689807692,3.850576923,3.432857143,43089,46859,50958,56571
395032,654,"RockSprings,WY",Msa,WY,5.866730769,4.689807692,3.850576923,3.432857143,#DIV/0!,199445,211864,240237
394424,655,"Bucyrus,OH",Msa,OH,5.866730769,4.689807692,3.850576923,3.432857143,#DIV/0!,70317,69957,81493
394409,656,"Bradford,PA",Msa,PA,5.866730769,4.689807692,3.850576923,3.432857143,50271,52964,55676,70317
753865,657,"Bardstown,KY",Msa,KY,5.866730769,4.689807692,3.850576923,3.432857143,120101,123628,126403,163400
394500,658,"Cornelia,GA",Msa,GA,5.866730769,4.689807692,3.850576923,3.432857143,134747,126651,132262,170644
394426,659,"Burley,ID",Msa,ID,5.866730769,4.689807692,3.850576923,3.432857143,99419,103725,122222,187461
394654,660,"Greenwood,MS",Msa,MS,5.866730769,4.689807692,3.850576923,3.432857143,#DIV/0!,29384,27407,33182
394384,661,"BigRapids,MI",Msa,MI,5.866730769,4.689807692,3.850576923,3.432857143,115680,90639,103151,129772
394993,662,"PoplarBluff,MO",Msa,MO,5.866730769,4.689807692,3.850576923,3.432857143,88514,92795,97543,113906
394895,663,"Muscatine,IA",Msa,IA,5.866730769,4.689807692,3.850576923,3.432857143,106627,113922,120554,140766
394319,664,"Alma,MI",Msa,MI,5.866730769,4.689807692,3.850576923,3.432857143,#DIV/0!,64822,69838,89901
394548,665,"Durant,OK",Msa,OK,5.866730769,4.689807692,3.850576923,3.432857143,67204,80566,89416,112215
395087,666,"Seymour,IN",Msa,IN,5.866730769,4.689807692,3.850576923,3.432857143,108798,106388,114911,143894
394538,667,"Douglas,GA",Msa,GA,5.866730769,4.689807692,3.850576923,3.432857143,89471,80895,87945,109355
395228,668,"Willmar,MN",Msa,MN,5.866730769,4.689807692,3.850576923,3.432857143,151854,133863,150609,185957
394349,669,"Auburn,IN",Msa,IN,5.866730769,4.689807692,3.850576923,3.432857143,111783,109015,113746,154621
395081,670,"Sedalia,MO",Msa,MO,5.866730769,4.689807692,3.850576923,3.432857143,65889,57676,73436,98797
394961,671,"Paragould,AR",Msa,AR,5.866730769,4.689807692,3.850576923,3.432857143,81614,83819,89611,110875
395230,672,"Wilmington,OH",Msa,OH,5.866730769,4.689807692,3.850576923,3.432857143,106801,102557,101668,128154
394779,673,"Lawrenceburg,TN",Msa,TN,5.866730769,4.689807692,3.850576923,3.432857143,80603,83396,87951,117541
395203,674,"Warren,PA",Msa,PA,5.866730769,4.689807692,3.850576923,3.432857143,#DIV/0!,#DIV/0!,78582,91231
394560,675,"ElDorado,AR",Msa,AR,5.866730769,4.689807692,3.850576923,3.432857143,61041,62714,63283,77627
394891,677,"MountainHome,AR",Msa,AR,5.866730769,4.689807692,3.850576923,3.432857143,99261,113920,121950,136277
394448,678,"Cedartown,GA",Msa,GA,5.866730769,4.689807692,3.850576923,3.432857143,87349,80048,81936,106853
753913,679,"PortClinton,OH",Msa,OH,5.866730769,4.689807692,3.850576923,3.432857143,147775,138291,144760,175998
394558,680,"ElCampo,TX",Msa,TX,5.866730769,4.689807692,3.850576923,3.432857143,94520,97006,114033,143184
394876,681,"Montrose,CO",Msa,CO,5.866730769,4.689807692,3.850576923,3.432857143,164371,180483,215760,267531
394567,682,"Ellensburg,WA",Msa,WA,5.866730769,4.689807692,3.850576923,3.432857143,222135,222675,250162,348592
394715,683,"Jacksonville,IL",Msa,IL,5.866730769,4.689807692,3.850576923,3.432857143,81736,75788,81434,97899
753916,684,"Sandpoint,ID",Msa,ID,5.866730769,4.689807692,3.850576923,3.432857143,230845,232896,252566,361656
394316,685,"Alice,TX",Msa,TX,5.866730769,4.689807692,3.850576923,3.432857143,94625,106142,127798,148528
394449,686,"Celina,OH",Msa,OH,5.866730769,4.689807692,3.850576923,3.432857143,80906,107643,123062,162416
394627,687,"GardenCity,KS",Msa,KS,5.866730769,4.689807692,3.850576923,3.432857143,105666,112291,127892,166436
394833,688,"Marshalltown,IA",Msa,IA,5.866730769,4.689807692,3.850576923,3.432857143,95327,96966,98539,111062
394297,689,"Aberdeen,SD",Msa,SD,5.866730769,4.689807692,3.850576923,3.432857143,98380,121249,141349,173206
395219,690,"WestPlains,MO",Msa,MO,5.866730769,4.689807692,3.850576923,3.432857143,96097,103365,105222,124323
753877,691,"Cullowhee,NC",Msa,NC,5.866730769,4.689807692,3.850576923,3.432857143,202971,221391,213459,242768
394574,692,"Espaola,NM",Msa,NM,5.866730769,4.689807692,3.850576923,3.432857143,#DIV/0!,158692,149634,170989
395026,693,"Riverton,WY",Msa,WY,5.866730769,4.689807692,3.850576923,3.432857143,141295,174603,199358,228590
395158,694,"Tifton,GA",Msa,GA,5.866730769,4.689807692,3.850576923,3.432857143,103429,96622,106288,138055
395178,695,"Urbana,OH",Msa,OH,5.866730769,4.689807692,3.850576923,3.432857143,115820,106834,111025,141903
394434,696,"Cambridge,OH",Msa,OH,5.866730769,4.689807692,3.850576923,3.432857143,77987,72375,81553,106388
394934,697,"Okeechobee,FL",Msa,FL,5.866730769,4.689807692,3.850576923,3.432857143,137578,98593,115243,148449
394845,698,"McMinnville,TN",Msa,TN,5.866730769,4.689807692,3.850576923,3.432857143,79913,81637,86062,121301
395082,699,"Selinsgrove,PA",Msa,PA,5.866730769,4.689807692,3.850576923,3.432857143,#DIV/0!,129451,140250,174355
394904,700,"Natchitoches,LA",Msa,LA,5.866730769,4.689807692,3.850576923,3.432857143,#DIV/0!,153610,157291,171237
394383,702,"Berlin,NH",Msa,NH,5.866730769,4.689807692,3.850576923,3.432857143,112839,103587,108279,128436
394799,703,"LockHaven,PA",Msa,PA,5.866730769,4.689807692,3.850576923,3.432857143,92678,99640,110155,141475
395099,704,"Sikeston,MO",Msa,MO,5.866730769,4.689807692,3.850576923,3.432857143,#DIV/0!,#DIV/0!,90922,106572
394354,705,"Austin,MN",Msa,MN,5.866730769,4.689807692,3.850576923,3.432857143,115009,97227,104845,132105
394476,706,"Clewiston,FL",Msa,FL,5.866730769,4.689807692,3.850576923,3.432857143,119746,87930,99987,132427
394981,707,"Pittsburg,KS",Msa,KS,5.866730769,4.689807692,3.850576923,3.432857143,69273,70955,74612,83787
394526,708,"Defiance,OH",Msa,OH,5.866730769,4.689807692,3.850576923,3.432857143,97379,86687,93650,124286
395072,709,"Scottsbluff,NE",Msa,NE,5.866730769,4.689807692,3.850576923,3.432857143,89133,99191,113879,139129
394801,710,"Logansport,IN",Msa,IN,5.866730769,4.689807692,3.850576923,3.432857143,#DIV/0!,74909,73732,89609
394992,711,"Pontiac,IL",Msa,IL,5.866730769,4.689807692,3.850576923,3.432857143,88671,88000,92971,100422
394663,712,"Hannibal,MO",Msa,MO,5.866730769,4.689807692,3.850576923,3.432857143,85746,85386,97611,124348
394888,713,"MountVernon,IL",Msa,IL,5.866730769,4.689807692,3.850576923,3.432857143,75151,70460,86064,95242
394690,714,"Houghton,MI",Msa,MI,5.866730769,4.689807692,3.850576923,3.432857143,105504,97968,104393,128152
395176,715,"UnionCity,TN",Msa,TN,5.866730769,4.689807692,3.850576923,3.432857143,69301,65594,66982,81616
395069,716,"SaultSte.Marie,MI",Msa,MI,5.866730769,4.689807692,3.850576923,3.432857143,88044,74491,87660,102352
395192,717,"Vincennes,IN",Msa,IN,5.866730769,4.689807692,3.850576923,3.432857143,#DIV/0!,66592,73520,91274
394624,718,"Gainesville,TX",Msa,TX,5.866730769,4.689807692,3.850576923,3.432857143,117748,121564,141593,181856
394550,719,"Dyersburg,TN",Msa,TN,5.866730769,4.689807692,3.850576923,3.432857143,80376,78779,80936,99760
394745,720,"KillDevilHills,NC",Msa,NC,5.866730769,4.689807692,3.850576923,3.432857143,381937,353079,326368,344957
394507,722,"Crawfordsville,IN",Msa,IN,5.866730769,4.689807692,3.850576923,3.432857143,98309,99405,103208,132555
394422,723,"Brownwood,TX",Msa,TX,5.866730769,4.689807692,3.850576923,3.432857143,70543,75835,93356,116197
395129,725,"Stephenville,TX",Msa,TX,5.866730769,4.689807692,3.850576923,3.432857143,100946,111545,133679,168258
394324,726,"Americus,GA",Msa,GA,5.866730769,4.689807692,3.850576923,3.432857143,77351,70108,75918,90534
394554,727,"Easton,MD",Msa,MD,5.866730769,4.689807692,3.850576923,3.432857143,284578,284131,291127,314899
394920,728,"NorthPlatte,NE",Msa,NE,5.866730769,4.689807692,3.850576923,3.432857143,98065,102039,118248,148372
394914,729,"Newberry,SC",Msa,SC,5.866730769,4.689807692,3.850576923,3.432857143,108974,104494,114566,141173
394300,730,"Ada,OK",Msa,OK,5.866730769,4.689807692,3.850576923,3.432857143,59641,75286,80658,98717
394881,731,"Moscow,ID",Msa,ID,5.866730769,4.689807692,3.850576923,3.432857143,184269,184876,216357,302057
395046,732,"Safford,AZ",Msa,AZ,5.866730769,4.689807692,3.850576923,3.432857143,138411,103114,135873,183371
394894,733,"Murray,KY",Msa,KY,5.866730769,4.689807692,3.850576923,3.432857143,96802,102085,112509,135521
394382,734,"Bennington,VT",Msa,VT,5.866730769,4.689807692,3.850576923,3.432857143,201416,212153,202582,223464
394696,735,"Huntington,IN",Msa,IN,5.866730769,4.689807692,3.850576923,3.432857143,97714,93031,94525,120017
394840,736,"Mayfield,KY",Msa,KY,5.866730769,4.689807692,3.850576923,3.432857143,66397,69004,73804,88859
394438,737,"Canton,IL",Msa,IL,5.866730769,4.689807692,3.850576923,3.432857143,69256,63092,66587,76603
394573,737,"Escanaba,MI",Msa,MI,5.866730769,4.689807692,3.850576923,3.432857143,#DIV/0!,61301,78532,94178
394499,739,"Corinth,MS",Msa,MS,5.866730769,4.689807692,3.850576923,3.432857143,#DIV/0!,80470,84185,98872
394341,740,"Astoria,OR",Msa,OR,5.866730769,4.689807692,3.850576923,3.432857143,222041,231041,262509,339229
394973,741,"Peru,IN",Msa,IN,5.866730769,4.689807692,3.850576923,3.432857143,77321,73363,72834,88044
394506,742,"Coshocton,OH",Msa,OH,5.866730769,4.689807692,3.850576923,3.432857143,81743,79925,86871,112677
394916,743,"Newton,IA",Msa,IA,5.866730769,4.689807692,3.850576923,3.432857143,111787,113491,115221,127697
753898,744,"Logan,WV",Msa,WV,5.866730769,4.689807692,3.850576923,3.432857143,44996,57861,60952,69100
394370,745,"BayCity,TX",Msa,TX,5.866730769,4.689807692,3.850576923,3.432857143,87246,98658,121365,152644
394617,746,"Fremont,NE",Msa,NE,5.866730769,4.689807692,3.850576923,3.432857143,100583,104324,112494,144925
394702,747,"Hutchinson,MN",Msa,MN,5.866730769,4.689807692,3.850576923,3.432857143,164157,137445,138741,191735
394366,748,"Batesville,AR",Msa,AR,5.866730769,4.689807692,3.850576923,3.432857143,74220,77018,78892,96938
394948,749,"Owatonna,MN",Msa,MN,5.866730769,4.689807692,3.850576923,3.432857143,157513,138434,149064,188430
395191,750,"Vidalia,GA",Msa,GA,5.866730769,4.689807692,3.850576923,3.432857143,78291,73478,79889,108321
753922,751,"SummitPark,UT",Msa,UT,5.866730769,4.689807692,3.850576923,3.432857143,434266,493353,586932,761257
753864,752,"ArkansasCity-Winfield,KS",Msa,KS,5.866730769,4.689807692,3.850576923,3.432857143,#DIV/0!,71276,72970,81840
394771,753,"Laramie,WY",Msa,WY,5.866730769,4.689807692,3.850576923,3.432857143,179035,198851,215923,252711
394984,754,"Plainview,TX",Msa,TX,5.866730769,4.689807692,3.850576923,3.432857143,56863,58537,67908,80118
394385,755,"BigSpring,TX",Msa,TX,5.866730769,4.689807692,3.850576923,3.432857143,#DIV/0!,60586,89798,127927
394777,756,"Laurinburg,NC",Msa,NC,5.866730769,4.689807692,3.850576923,3.432857143,66176,68542,67432,75557
394535,757,"Dixon,IL",Msa,IL,5.866730769,4.689807692,3.850576923,3.432857143,103452,94124,90103,98970
394315,758,"Alexandria,MN",Msa,MN,5.866730769,4.689807692,3.850576923,3.432857143,192360,168674,182569,234755
394915,759,"Newport,TN",Msa,TN,5.866730769,4.689807692,3.850576923,3.432857143,69486,78932,84492,110183
394522,760,"DeRidder,LA",Msa,LA,5.866730769,4.689807692,3.850576923,3.432857143,#DIV/0!,112820,145114,162408
394781,761,"Lebanon,MO",Msa,MO,5.866730769,4.689807692,3.850576923,3.432857143,97466,100088,105748,130987
394481,762,"Coffeyville,KS",Msa,KS,5.866730769,4.689807692,3.850576923,3.432857143,#DIV/0!,62982,62830,59084
395084,763,"SenecaFalls,NY",Msa,NY,5.866730769,4.689807692,3.850576923,3.432857143,100272,89452,95122,124769
395137,764,"SulphurSprings,TX",Msa,TX,5.866730769,4.689807692,3.850576923,3.432857143,#DIV/0!,#DIV/0!,#DIV/0!,127839
394835,765,"Martin,TN",Msa,TN,5.866730769,4.689807692,3.850576923,3.432857143,71831,71596,77348,97066
395141,766,"Susanville,CA",Msa,CA,5.866730769,4.689807692,3.850576923,3.432857143,168860,118837,157945,174503
394417,767,"Brookhaven,MS",Msa,MS,5.866730769,4.689807692,3.850576923,3.432857143,#DIV/0!,96624,94679,121975
394335,768,"Arcadia,FL",Msa,FL,5.866730769,4.689807692,3.850576923,3.432857143,119940,87174,99316,134355
395150,769,"Taylorville,IL",Msa,IL,5.866730769,4.689807692,3.850576923,3.432857143,68670,63983,69189,85164
394525,770,"Decatur,IN",Msa,IN,5.866730769,4.689807692,3.850576923,3.432857143,110896,109526,116059,148060
753894,771,"JunctionCity,KS",Msa,KS,5.866730769,4.689807692,3.850576923,3.432857143,#DIV/0!,135086,137884,147684
394557,772,"Effingham,IL",Msa,IL,5.866730769,4.689807692,3.850576923,3.432857143,104845,99483,114153,142281
395184,773,"Valley,AL",Msa,AL,5.866730769,4.689807692,3.850576923,3.432857143,61703,64505,57568,67742
394430,774,"Butte,MT",Msa,MT,5.866730769,4.689807692,3.850576923,3.432857143,#DIV/0!,110114,116892,146128
394331,775,"Angola,IN",Msa,IN,5.866730769,4.689807692,3.850576923,3.432857143,136924,134514,140526,177021
394473,776,"Cleveland,MS",Msa,MS,5.866730769,4.689807692,3.850576923,3.432857143,#DIV/0!,#DIV/0!,62894,66956
394536,778,"DodgeCity,KS",Msa,KS,5.866730769,4.689807692,3.850576923,3.432857143,#DIV/0!,#DIV/0!,97272,109408
394413,779,"Brenham,TX",Msa,TX,5.866730769,4.689807692,3.850576923,3.432857143,135211,145447,174720,227537
394569,780,"Emporia,KS",Msa,KS,5.866730769,4.689807692,3.850576923,3.432857143,#DIV/0!,96280,98800,114087
753892,782,"Jackson,OH",Msa,OH,5.866730769,4.689807692,3.850576923,3.432857143,69736,64239,67919,90708
394613,783,"Frankfort,IN",Msa,IN,5.866730769,4.689807692,3.850576923,3.432857143,94712,92463,92294,114773
394414,784,"Brevard,NC",Msa,NC,5.866730769,4.689807692,3.850576923,3.432857143,171205,189377,197053,248557
395149,785,"Taos,NM",Msa,NM,5.866730769,4.689807692,3.850576923,3.432857143,#DIV/0!,216824,210981,301195
753902,786,"Malvern,AR",Msa,AR,5.866730769,4.689807692,3.850576923,3.432857143,75373,81154,84065,99002
395165,787,"Troy,AL",Msa,AL,5.866730769,4.689807692,3.850576923,3.432857143,#DIV/0!,#DIV/0!,105218,120869
395196,788,"Wabash,IN",Msa,IN,5.866730769,4.689807692,3.850576923,3.432857143,87563,86891,91260,114386
394433,789,"Cambridge,MD",Msa,MD,5.866730769,4.689807692,3.850576923,3.432857143,#DIV/0!,150212,146679,154320
394812,790,"Macomb,IL",Msa,IL,5.866730769,4.689807692,3.850576923,3.432857143,66530,61982,67795,79451
395187,791,"Vernal,UT",Msa,UT,5.866730769,4.689807692,3.850576923,3.432857143,136517,166414,198530,249176
394749,792,"Kingsville,TX",Msa,TX,5.866730769,4.689807692,3.850576923,3.432857143,70193,73276,86307,105584
394815,793,"Madison,IN",Msa,IN,5.866730769,4.689807692,3.850576923,3.432857143,#DIV/0!,96418,102260,135079
394886,794,"MountPleasant,TX",Msa,TX,5.866730769,4.689807692,3.850576923,3.432857143,93535,93466,107590,129560
394962,795,"Paris,TN",Msa,TN,5.866730769,4.689807692,3.850576923,3.432857143,80334,83709,90914,118352
394491,796,"Columbus,NE",Msa,NE,5.866730769,4.689807692,3.850576923,3.432857143,94768,111875,141464,186455
394419,797,"Brookings,SD",Msa,SD,5.866730769,4.689807692,3.850576923,3.432857143,#DIV/0!,152029,168925,206278
394740,798,"Kennett,MO",Msa,MO,5.866730769,4.689807692,3.850576923,3.432857143,61649,57420,58978,71476
394376,800,"Beeville,TX",Msa,TX,5.866730769,4.689807692,3.850576923,3.432857143,#DIV/0!,73508,92670,123314
394855,801,"Miami,OK",Msa,OK,5.866730769,4.689807692,3.850576923,3.432857143,43234,58177,65294,73899
753878,802,"Dayton,TN",Msa,TN,5.866730769,4.689807692,3.850576923,3.432857143,92564,104655,112850,146904
395207,803,"Washington,IN",Msa,IN,5.866730769,4.689807692,3.850576923,3.432857143,#DIV/0!,94669,105882,135982
394435,807,"Camden,AR",Msa,AR,5.866730769,4.689807692,3.850576923,3.432857143,44500,41574,46224,55442
394713,808,"Jackson,WY",Msa,WY,5.866730769,4.689807692,3.850576923,3.432857143,429310,483572,509312,673392
394670,809,"Hastings,NE",Msa,NE,5.866730769,4.689807692,3.850576923,3.432857143,88176,90811,104331,132197
394730,810,"Juneau,AK",Msa,AK,5.866730769,4.689807692,3.850576923,3.432857143,292474,317741,354623,402004
394310,811,"AlbertLea,MN",Msa,MN,5.866730769,4.689807692,3.850576923,3.432857143,#DIV/0!,84963,91667,113084
394786,812,"Lewisburg,TN",Msa,TN,5.866730769,4.689807692,3.850576923,3.432857143,103053,108518,114463,161466
394708,813,"IronMountain,MI",Msa,MI,5.866730769,4.689807692,3.850576923,3.432857143,#DIV/0!,76581,86452,108054
394795,814,"Lincoln,IL",Msa,IL,5.866730769,4.689807692,3.850576923,3.432857143,#DIV/0!,80903,87328,97574
394725,815,"Jesup,GA",Msa,GA,5.866730769,4.689807692,3.850576923,3.432857143,83334,82455,92253,119605
394751,816,"Kirksville,MO",Msa,MO,5.866730769,4.689807692,3.850576923,3.432857143,#DIV/0!,88116,94111,118074
394320,818,"Alpena,MI",Msa,MI,5.866730769,4.689807692,3.850576923,3.432857143,82291,74980,85042,99964
395100,819,"SilverCity,NM",Msa,NM,5.866730769,4.689807692,3.850576923,3.432857143,#DIV/0!,113431,137296,151173
394706,820,"Indianola,MS",Msa,MS,5.866730769,4.689807692,3.850576923,3.432857143,#DIV/0!,#DIV/0!,59604,64273
753879,821,"Elkins,WV",Msa,WV,5.866730769,4.689807692,3.850576923,3.432857143,#DIV/0!,#DIV/0!,75787,95467
394774,822,"LasVegas,NM",Msa,NM,5.866730769,4.689807692,3.850576923,3.432857143,#DIV/0!,131296,148784,160006
394846,823,"McPherson,KS",Msa,KS,5.866730769,4.689807692,3.850576923,3.432857143,#DIV/0!,120225,131702,158772
395093,824,"Sheridan,WY",Msa,WY,5.866730769,4.689807692,3.850576923,3.432857143,#DIV/0!,223763,244906,284317
395206,825,"WashingtonCourtHouse,OH",Msa,OH,5.866730769,4.689807692,3.850576923,3.432857143,103488,95237,94093,117464
394381,826,"Bennettsville,SC",Msa,SC,5.866730769,4.689807692,3.850576923,3.432857143,#DIV/0!,30694,33839,46589
395185,827,"VanWert,OH",Msa,OH,5.866730769,4.689807692,3.850576923,3.432857143,74549,74718,81429,103767
394853,828,"Merrill,WI",Msa,WI,5.866730769,4.689807692,3.850576923,3.432857143,117715,110882,109544,134480
753901,829,"Ludington,MI",Msa,MI,5.866730769,4.689807692,3.850576923,3.432857143,125016,98832,118962,148677
394858,830,"Middlesborough,KY",Msa,KY,5.866730769,4.689807692,3.850576923,3.432857143,44523,44368,44871,53704
394508,831,"CrescentCity,CA",Msa,CA,5.866730769,4.689807692,3.850576923,3.432857143,201042,153644,211883,255371
394921,832,"NorthVernon,IN",Msa,IN,5.866730769,4.689807692,3.850576923,3.432857143,97886,97069,102694,126280
394673,833,"Hays,KS",Msa,KS,5.866730769,4.689807692,3.850576923,3.432857143,#DIV/0!,#DIV/0!,152190,165495
394601,834,"ForrestCity,AR",Msa,AR,5.866730769,4.689807692,3.850576923,3.432857143,52904,52208,50288,55251
394606,835,"FortMorgan,CO",Msa,CO,5.866730769,4.689807692,3.850576923,3.432857143,#DIV/0!,115243,146320,210540
394864,836,"MineralWells,TX",Msa,TX,5.866730769,4.689807692,3.850576923,3.432857143,83103,90510,107290,128883
753871,837,"Breckenridge,CO",Msa,CO,5.866730769,4.689807692,3.850576923,3.432857143,322228,393342,432745,660024
394364,838,"Bastrop,LA",Msa,LA,5.866730769,4.689807692,3.850576923,3.432857143,39940,47838,51625,56243
394356,839,"Bainbridge,GA",Msa,GA,5.866730769,4.689807692,3.850576923,3.432857143,82603,79230,84621,101456
395214,840,"Wauchula,FL",Msa,FL,5.866730769,4.689807692,3.850576923,3.432857143,99080,74948,94901,122269
753884,841,"Hailey,ID",Msa,ID,5.866730769,4.689807692,3.850576923,3.432857143,442218,409773,385922,521929
394643,842,"GreatBend,KS",Msa,KS,5.866730769,4.689807692,3.850576923,3.432857143,#DIV/0!,#DIV/0!,74811,78034
753926,843,"Weatherford,OK",Msa,OK,5.866730769,4.689807692,3.850576923,3.432857143,99508,103457,122318,125380
395211,844,"Watertown,SD",Msa,SD,5.866730769,4.689807692,3.850576923,3.432857143,#DIV/0!,#DIV/0!,164968,203571
394642,845,"Grants,NM",Msa,NM,5.866730769,4.689807692,3.850576923,3.432857143,69261,75172,78110,89552
395154,846,"Thomaston,GA",Msa,GA,5.866730769,4.689807692,3.850576923,3.432857143,72275,66554,68369,84751
394892,847,"MountainHome,ID",Msa,ID,5.866730769,4.689807692,3.850576923,3.432857143,132030,130799,138022,192123
394322,848,"Altus,OK",Msa,OK,5.866730769,4.689807692,3.850576923,3.432857143,45534,50799,55525,64568
395181,849,"Uvalde,TX",Msa,TX,5.866730769,4.689807692,3.850576923,3.432857143,74383,80518,100621,132056
394791,850,"Lexington,NE",Msa,NE,5.866730769,4.689807692,3.850576923,3.432857143,80858,83438,93980,120448
394401,851,"Boone,IA",Msa,IA,5.866730769,4.689807692,3.850576923,3.432857143,106023,115796,121915,144530
395159,852,"Toccoa,GA",Msa,GA,5.866730769,4.689807692,3.850576923,3.432857143,89247,83194,85859,110596
394470,853,"Clarksdale,MS",Msa,MS,5.866730769,4.689807692,3.850576923,3.432857143,#DIV/0!,58241,54944,64029
395138,854,"Summerville,GA",Msa,GA,5.866730769,4.689807692,3.850576923,3.432857143,75108,66053,66916,84596
753909,855,"Ottawa,KS",Msa,KS,5.866730769,4.689807692,3.850576923,3.432857143,106074,112504,113542,139751
394912,856,"NewUlm,MN",Msa,MN,5.866730769,4.689807692,3.850576923,3.432857143,#DIV/0!,113293,128583,162277
394830,857,"Marshall,MN",Msa,MN,5.866730769,4.689807692,3.850576923,3.432857143,#DIV/0!,114520,125965,154403
394758,858,"LaGrande,OR",Msa,OR,5.866730769,4.689807692,3.850576923,3.432857143,129916,125156,152435,202874
394649,859,"Greensburg,IN",Msa,IN,5.866730769,4.689807692,3.850576923,3.432857143,#DIV/0!,111423,122370,155862
394854,860,"Mexico,MO",Msa,MO,5.866730769,4.689807692,3.850576923,3.432857143,83983,81390,82105,101693
394869,861,"Moberly,MO",Msa,MO,5.866730769,4.689807692,3.850576923,3.432857143,#DIV/0!,73823,78040,94472
753923,862,"TheDalles,OR",Msa,OR,5.866730769,4.689807692,3.850576923,3.432857143,153596,165179,182990,250403
394529,863,"Deming,NM",Msa,NM,5.866730769,4.689807692,3.850576923,3.432857143,#DIV/0!,123167,102122,109439
394584,864,"Fallon,NV",Msa,NV,5.866730769,4.689807692,3.850576923,3.432857143,200746,119465,163371,247377
394615,865,"Fredericksburg,TX",Msa,TX,5.866730769,4.689807692,3.850576923,3.432857143,187847,214021,257002,342373
394818,866,"Magnolia,AR",Msa,AR,5.866730769,4.689807692,3.850576923,3.432857143,64627,66413,71407,85093
394436,867,"Campbellsville,KY",Msa,KY,5.866730769,4.689807692,3.850576923,3.432857143,79508,83019,86636,103427
394494,868,"Connersville,IN",Msa,IN,5.866730769,4.689807692,3.850576923,3.432857143,#DIV/0!,66311,71004,84173
394533,869,"Dickinson,ND",Msa,ND,5.866730769,4.689807692,3.850576923,3.432857143,126789,151664,244360,263627
395110,870,"Spearfish,SD",Msa,SD,5.866730769,4.689807692,3.850576923,3.432857143,#DIV/0!,179799,193911,239506
394674,871,"Heber,UT",Msa,UT,5.866730769,4.689807692,3.850576923,3.432857143,259990,291750,343265,493836
753921,872,"SteamboatSprings,CO",Msa,CO,5.866730769,4.689807692,3.850576923,3.432857143,306989,389841,454412,564336
394498,873,"Cordele,GA",Msa,GA,5.866730769,4.689807692,3.850576923,3.432857143,75899,72433,80077,98845
394837,874,"Maryville,MO",Msa,MO,5.866730769,4.689807692,3.850576923,3.432857143,#DIV/0!,107764,114806,149065
394831,874,"Marshall,MO",Msa,MO,5.866730769,4.689807692,3.850576923,3.432857143,#DIV/0!,79481,83134,101063
394337,876,"Arkadelphia,AR",Msa,AR,5.866730769,4.689807692,3.850576923,3.432857143,69048,71453,73571,91087
394793,877,"Liberal,KS",Msa,KS,5.866730769,4.689807692,3.850576923,3.432857143,#DIV/0!,#DIV/0!,99983,109349
394784,878,"Levelland,TX",Msa,TX,5.866730769,4.689807692,3.850576923,3.432857143,71292,77198,92099,115349
395198,879,"Wahpeton,ND",Msa,ND,5.866730769,4.689807692,3.850576923,3.432857143,77269,78243,110573,130925
394868,880,"Mitchell,SD",Msa,SD,5.866730769,4.689807692,3.850576923,3.432857143,#DIV/0!,119062,132449,165660
395130,881,"Sterling,CO",Msa,CO,5.866730769,4.689807692,3.850576923,3.432857143,109946,109487,137264,183022
394959,882,"Pampa,TX",Msa,TX,5.866730769,4.689807692,3.850576923,3.432857143,37712,43259,53716,63800
395241,883,"Yankton,SD",Msa,SD,5.866730769,4.689807692,3.850576923,3.432857143,113642,125832,143969,176641
395227,884,"Williston,ND",Msa,ND,5.866730769,4.689807692,3.850576923,3.432857143,89236,124798,235578,273442
394945,885,"Oskaloosa,IA",Msa,IA,5.866730769,4.689807692,3.850576923,3.432857143,92670,103012,105550,121859
394418,886,"Brookings,OR",Msa,OR,5.866730769,4.689807692,3.850576923,3.432857143,266695,263592,275576,337654
394687,887,"HoodRiver,OR",Msa,OR,5.866730769,4.689807692,3.850576923,3.432857143,266808,274868,336332,470932
394371,888,"Beatrice,NE",Msa,NE,5.866730769,4.689807692,3.850576923,3.432857143,79580,81137,87828,106749
394403,889,"Borger,TX",Msa,TX,5.866730769,4.689807692,3.850576923,3.432857143,47651,51785,59762,70570
395014,890,"Raymondville,TX",Msa,TX,5.866730769,4.689807692,3.850576923,3.432857143,#DIV/0!,43229,54331,67359
394564,891,"ElkCity,OK",Msa,OK,5.866730769,4.689807692,3.850576923,3.432857143,69874,82522,91309,109116
394656,892,"Grenada,MS",Msa,MS,5.866730769,4.689807692,3.850576923,3.432857143,#DIV/0!,#DIV/0!,#DIV/0!,90053
394544,893,"Dumas,TX",Msa,TX,5.866730769,4.689807692,3.850576923,3.432857143,#DIV/0!,73050,91718,125932
394676,894,"Helena,AR",Msa,AR,5.866730769,4.689807692,3.850576923,3.432857143,#DIV/0!,30775,29618,33016
394965,895,"Parsons,KS",Msa,KS,5.866730769,4.689807692,3.850576923,3.432857143,#DIV/0!,#DIV/0!,#DIV/0!,54477
395003,896,"Price,UT",Msa,UT,5.866730769,4.689807692,3.850576923,3.432857143,98754,104363,125049,164601
753914,897,"PortLavaca,TX",Msa,TX,5.866730769,4.689807692,3.850576923,3.432857143,91863,97233,114815,144412
395239,898,"Worthington,MN",Msa,MN,5.866730769,4.689807692,3.850576923,3.432857143,#DIV/0!,90765,102995,131321
394979,899,"Pierre,SD",Msa,SD,5.866730769,4.689807692,3.850576923,3.432857143,127726,148171,171058,214311
394578,900,"Evanston,WY",Msa,WY,5.866730769,4.689807692,3.850576923,3.432857143,140569,169213,189231,210212
394718,901,"Jamestown,ND",Msa,ND,5.866730769,4.689807692,3.850576923,3.432857143,#DIV/0!,#DIV/0!,148100,170456
395004,902,"Prineville,OR",Msa,OR,5.866730769,4.689807692,3.850576923,3.432857143,180441,182459,198674,271419
394659,905,"Guymon,OK",Msa,OK,5.866730769,4.689807692,3.850576923,3.432857143,#DIV/0!,#DIV/0!,85877,100978
395135,908,"StormLake,IA",Msa,IA,5.866730769,4.689807692,3.850576923,3.432857143,88054,92149,102627,125086
395236,909,"Woodward,OK",Msa,OK,5.866730769,4.689807692,3.850576923,3.432857143,64545,75223,90355,111067
394996,910,"Portales,NM",Msa,NM,5.866730769,4.689807692,3.850576923,3.432857143,75524,89418,99052,126821
394678,911,"Hereford,TX",Msa,TX,5.866730769,4.689807692,3.850576923,3.432857143,#DIV/0!,44463,60988,85664
753908,913,"Othello,WA",Msa,WA,5.866730769,4.689807692,3.850576923,3.432857143,105966,108323,132609,195905
394805,914,"LosAlamos,NM",Msa,NM,5.866730769,4.689807692,3.850576923,3.432857143,316812,295876,252339,306928
394594,915,"Fitzgerald,GA",Msa,GA,5.866730769,4.689807692,3.850576923,3.432857143,62387,59846,64748,80595
394841,916,"Maysville,KY",Msa,KY,5.866730769,4.689807692,3.850576923,3.432857143,#DIV/0!,74172,77064,90542
394700,917,"Huron,SD",Msa,SD,5.866730769,4.689807692,3.850576923,3.432857143,61825,78110,106396,131025
394342,918,"Atchison,KS",Msa,KS,5.866730769,4.689807692,3.850576923,3.432857143,#DIV/0!,73768,76728,90201
395104,919,"Snyder,TX",Msa,TX,5.866730769,4.689807692,3.850576923,3.432857143,49647,59274,76123,102834
753880,920,"Fairfield,IA",Msa,IA,5.866730769,4.689807692,3.850576923,3.432857143,85944,94088,104597,125663
395112,921,"SpiritLake,IA",Msa,IA,5.866730769,4.689807692,3.850576923,3.432857143,153897,174845,195456,232825
395111,921,"Spencer,IA",Msa,IA,5.866730769,4.689807692,3.850576923,3.432857143,103172,106417,116171,134304
753925,923,"VineyardHaven,MA",Msa,MA,5.866730769,4.689807692,3.850576923,3.432857143,657198,609668,687135,854340
753927,924,"Winnemucca,NV",Msa,NV,5.866730769,4.689807692,3.850576923,3.432857143,#DIV/0!,#DIV/0!,193164,242846
395142,925,"Sweetwater,TX",Msa,TX,5.866730769,4.689807692,3.850576923,3.432857143,47679,47128,57621,73883
394330,926,"Andrews,TX",Msa,TX,5.866730769,4.689807692,3.850576923,3.432857143,63180,88069,115150,169047
753929,927,"Zapata,TX",Msa,TX,5.866730769,4.689807692,3.850576923,3.432857143,54560,61366,76425,94046
395186,928,"Vermillion,SD",Msa,SD,5.866730769,4.689807692,3.850576923,3.432857143,#DIV/0!,#DIV/0!,141281,177677
394767,929,"Lamesa,TX",Msa,TX,5.866730769,4.689807692,3.850576923,3.432857143,#DIV/0!,42331,53774,73551
753874,930,"Craig,CO",Msa,CO,5.866730769,4.689807692,3.850576923,3.432857143,125280,140871,177483,192134
394968,931,"Pecos,TX",Msa,TX,5.866730769,4.689807692,3.850576923,3.432857143,#DIV/0!,#DIV/0!,66862,107377
395188,932,"Vernon,TX",Msa,TX,5.866730769,4.689807692,3.850576923,3.432857143,47484,49287,58453,69759
394743,933,"Ketchikan,AK",Msa,AK,5.866730769,4.689807692,3.850576923,3.432857143,233337,253667,275295,307046
